page_id,region_id,keyword,sheet,row,route,status
candidate:tutor:seoul:region_tutor,seoul,서울과외,서울,2,/tutor/seoul/region_tutor,HOLD_CONTENT
candidate:tutor:seoul-gangnam:region_tutor,seoul-gangnam,강남구과외,서울,3,/tutor/seoul-gangnam/region_tutor,HOLD_CONTENT
candidate:tutor:seoul-kr-ac15-b3d9-ad6c:region_tutor,seoul-kr-ac15-b3d9-ad6c,강동구과외,서울,4,/tutor/seoul-kr-ac15-b3d9-ad6c/region_tutor,HOLD_CONTENT
candidate:tutor:seoul-kr-ac15-bd81-ad6c:region_tutor,seoul-kr-ac15-bd81-ad6c,강북구과외,서울,5,/tutor/seoul-kr-ac15-bd81-ad6c/region_tutor,HOLD_CONTENT
candidate:tutor:seoul-kr-ac15-c11c-ad6c:region_tutor,seoul-kr-ac15-c11c-ad6c,강서구과외,서울,6,/tutor/seoul-kr-ac15-c11c-ad6c/region_tutor,HOLD_CONTENT
candidate:tutor:seoul-kr-ad00-c545-ad6c:region_tutor,seoul-kr-ad00-c545-ad6c,관악구과외,서울,7,/tutor/seoul-kr-ad00-c545-ad6c/region_tutor,HOLD_CONTENT
candidate:tutor:seoul-kr-ad11-c9c4-ad6c:region_tutor,seoul-kr-ad11-c9c4-ad6c,광진구과외,서울,8,/tutor/seoul-kr-ad11-c9c4-ad6c/region_tutor,HOLD_CONTENT
candidate:tutor:seoul-kr-ad6c-b85c-ad6c:region_tutor,seoul-kr-ad6c-b85c-ad6c,구로구과외,서울,9,/tutor/seoul-kr-ad6c-b85c-ad6c/region_tutor,HOLD_CONTENT
candidate:tutor:seoul-kr-ae08-cc9c-ad6c:region_tutor,seoul-kr-ae08-cc9c-ad6c,금천구과외,서울,10,/tutor/seoul-kr-ae08-cc9c-ad6c/region_tutor,HOLD_CONTENT
candidate:tutor:seoul-kr-b178-c6d0-ad6c:region_tutor,seoul-kr-b178-c6d0-ad6c,노원구과외,서울,11,/tutor/seoul-kr-b178-c6d0-ad6c/region_tutor,HOLD_CONTENT
candidate:tutor:seoul-kr-b3c4-bd09-ad6c:region_tutor,seoul-kr-b3c4-bd09-ad6c,도봉구과외,서울,12,/tutor/seoul-kr-b3c4-bd09-ad6c/region_tutor,HOLD_CONTENT
candidate:tutor:seoul-kr-b3d9-b300-bb38-ad6c:region_tutor,seoul-kr-b3d9-b300-bb38-ad6c,동대문구과외,서울,13,/tutor/seoul-kr-b3d9-b300-bb38-ad6c/region_tutor,HOLD_CONTENT
candidate:tutor:seoul-kr-b3d9-c791-ad6c:region_tutor,seoul-kr-b3d9-c791-ad6c,동작구과외,서울,14,/tutor/seoul-kr-b3d9-c791-ad6c/region_tutor,HOLD_CONTENT
candidate:tutor:seoul-kr-b9c8-d3ec-ad6c:region_tutor,seoul-kr-b9c8-d3ec-ad6c,마포구과외,서울,15,/tutor/seoul-kr-b9c8-d3ec-ad6c/region_tutor,HOLD_CONTENT
candidate:tutor:seoul-kr-c11c-b300-bb38-ad6c:region_tutor,seoul-kr-c11c-b300-bb38-ad6c,서대문구과외,서울,16,/tutor/seoul-kr-c11c-b300-bb38-ad6c/region_tutor,HOLD_CONTENT
candidate:tutor:seoul-kr-c11c-cd08-ad6c:region_tutor,seoul-kr-c11c-cd08-ad6c,서초구과외,서울,17,/tutor/seoul-kr-c11c-cd08-ad6c/region_tutor,HOLD_CONTENT
candidate:tutor:seoul-kr-c131-b3d9-ad6c:region_tutor,seoul-kr-c131-b3d9-ad6c,성동구과외,서울,18,/tutor/seoul-kr-c131-b3d9-ad6c/region_tutor,HOLD_CONTENT
candidate:tutor:seoul-kr-c131-bd81-ad6c:region_tutor,seoul-kr-c131-bd81-ad6c,성북구과외,서울,19,/tutor/seoul-kr-c131-bd81-ad6c/region_tutor,HOLD_CONTENT
candidate:tutor:seoul-kr-c1a1-d30c-ad6c:region_tutor,seoul-kr-c1a1-d30c-ad6c,송파구과외,서울,20,/tutor/seoul-kr-c1a1-d30c-ad6c/region_tutor,HOLD_CONTENT
candidate:tutor:seoul-kr-c591-cc9c-ad6c:region_tutor,seoul-kr-c591-cc9c-ad6c,양천구과외,서울,21,/tutor/seoul-kr-c591-cc9c-ad6c/region_tutor,HOLD_CONTENT
candidate:tutor:seoul-kr-c601-b4f1-d3ec-ad6c:region_tutor,seoul-kr-c601-b4f1-d3ec-ad6c,영등포구과외,서울,22,/tutor/seoul-kr-c601-b4f1-d3ec-ad6c/region_tutor,HOLD_CONTENT
candidate:tutor:seoul-kr-c6a9-c0b0-ad6c:region_tutor,seoul-kr-c6a9-c0b0-ad6c,용산구과외,서울,23,/tutor/seoul-kr-c6a9-c0b0-ad6c/region_tutor,HOLD_CONTENT
candidate:tutor:seoul-kr-c740-d3c9-ad6c:region_tutor,seoul-kr-c740-d3c9-ad6c,은평구과외,서울,24,/tutor/seoul-kr-c740-d3c9-ad6c/region_tutor,HOLD_CONTENT
candidate:tutor:seoul-kr-c885-b85c-ad6c:region_tutor,seoul-kr-c885-b85c-ad6c,종로구과외,서울,25,/tutor/seoul-kr-c885-b85c-ad6c/region_tutor,HOLD_CONTENT
candidate:tutor:seoul-kr-c11c-c6b8-c911-ad6c:region_tutor,seoul-kr-c11c-c6b8-c911-ad6c,서울중구과외,서울,26,/tutor/seoul-kr-c11c-c6b8-c911-ad6c/region_tutor,HOLD_CONTENT
candidate:tutor:seoul-kr-c911-b791-ad6c:region_tutor,seoul-kr-c911-b791-ad6c,중랑구과외,서울,27,/tutor/seoul-kr-c911-b791-ad6c/region_tutor,HOLD_CONTENT
candidate:tutor:seoul-gangnam-kr-ac1c-d3ec-b3d9:region_tutor,seoul-gangnam-kr-ac1c-d3ec-b3d9,개포동과외,서울,28,/tutor/seoul-gangnam-kr-ac1c-d3ec-b3d9/region_tutor,HOLD_CONTENT
candidate:tutor:seoul-gangnam-kr-b17c-d604-b3d9:region_tutor,seoul-gangnam-kr-b17c-d604-b3d9,논현동과외,서울,29,/tutor/seoul-gangnam-kr-b17c-d604-b3d9/region_tutor,HOLD_CONTENT
candidate:tutor:seoul-gangnam-daechi:region_tutor,seoul-gangnam-daechi,대치동과외,서울,30,/tutor/seoul-gangnam-daechi/region_tutor,HOLD_CONTENT
candidate:tutor:seoul-kr-c911-b791-ad6c-kr-b3c4-ace1-b3d9:region_tutor,seoul-kr-c911-b791-ad6c-kr-b3c4-ace1-b3d9,도곡동과외,서울,31,/tutor/seoul-kr-c911-b791-ad6c-kr-b3c4-ace1-b3d9/region_tutor,HOLD_CONTENT
candidate:tutor:seoul-kr-c911-b791-ad6c-kr-c0bc-c131-b3d9:region_tutor,seoul-kr-c911-b791-ad6c-kr-c0bc-c131-b3d9,삼성동과외,서울,32,/tutor/seoul-kr-c911-b791-ad6c-kr-c0bc-c131-b3d9/region_tutor,HOLD_CONTENT
candidate:tutor:seoul-kr-c911-b791-ad6c-kr-c138-ace1-b3d9:region_tutor,seoul-kr-c911-b791-ad6c-kr-c138-ace1-b3d9,세곡동과외,서울,33,/tutor/seoul-kr-c911-b791-ad6c-kr-c138-ace1-b3d9/region_tutor,HOLD_CONTENT
candidate:tutor:seoul-kr-c911-b791-ad6c-kr-c218-c11c-b3d9:region_tutor,seoul-kr-c911-b791-ad6c-kr-c218-c11c-b3d9,수서동과외,서울,34,/tutor/seoul-kr-c911-b791-ad6c-kr-c218-c11c-b3d9/region_tutor,HOLD_CONTENT
candidate:tutor:seoul-kr-c911-b791-ad6c-kr-c2e0-c0ac-b3d9:region_tutor,seoul-kr-c911-b791-ad6c-kr-c2e0-c0ac-b3d9,강남구 신사동과외,서울,35,/tutor/seoul-kr-c911-b791-ad6c-kr-c2e0-c0ac-b3d9/region_tutor,HOLD_CONTENT
candidate:tutor:seoul-kr-c911-b791-ad6c-kr-c555-ad6c-c815-b3d9:region_tutor,seoul-kr-c911-b791-ad6c-kr-c555-ad6c-c815-b3d9,압구정동과외,서울,36,/tutor/seoul-kr-c911-b791-ad6c-kr-c555-ad6c-c815-b3d9/region_tutor,HOLD_CONTENT
candidate:tutor:seoul-kr-c911-b791-ad6c-kr-c5ed-c0bc-b3d9:region_tutor,seoul-kr-c911-b791-ad6c-kr-c5ed-c0bc-b3d9,역삼동과외,서울,37,/tutor/seoul-kr-c911-b791-ad6c-kr-c5ed-c0bc-b3d9/region_tutor,HOLD_CONTENT
candidate:tutor:seoul-kr-c911-b791-ad6c-kr-c728-d604-b3d9:region_tutor,seoul-kr-c911-b791-ad6c-kr-c728-d604-b3d9,율현동과외,서울,38,/tutor/seoul-kr-c911-b791-ad6c-kr-c728-d604-b3d9/region_tutor,HOLD_CONTENT
candidate:tutor:seoul-kr-c911-b791-ad6c-kr-c77c-c6d0-b3d9:region_tutor,seoul-kr-c911-b791-ad6c-kr-c77c-c6d0-b3d9,일원동과외,서울,39,/tutor/seoul-kr-c911-b791-ad6c-kr-c77c-c6d0-b3d9/region_tutor,HOLD_CONTENT
candidate:tutor:seoul-kr-c911-b791-ad6c-kr-c790-ace1-b3d9:region_tutor,seoul-kr-c911-b791-ad6c-kr-c790-ace1-b3d9,자곡동과외,서울,40,/tutor/seoul-kr-c911-b791-ad6c-kr-c790-ace1-b3d9/region_tutor,HOLD_CONTENT
candidate:tutor:seoul-kr-c911-b791-ad6c-kr-ccad-b2f4-b3d9:region_tutor,seoul-kr-c911-b791-ad6c-kr-ccad-b2f4-b3d9,청담동과외,서울,41,/tutor/seoul-kr-c911-b791-ad6c-kr-ccad-b2f4-b3d9/region_tutor,HOLD_CONTENT
candidate:tutor:seoul-kr-c911-b791-ad6c-kr-ac15-c77c-b3d9:region_tutor,seoul-kr-c911-b791-ad6c-kr-ac15-c77c-b3d9,강일동과외,서울,42,/tutor/seoul-kr-c911-b791-ad6c-kr-ac15-c77c-b3d9/region_tutor,HOLD_CONTENT
candidate:tutor:seoul-kr-c911-b791-ad6c-kr-ace0-b355-b3d9:region_tutor,seoul-kr-c911-b791-ad6c-kr-ace0-b355-b3d9,고덕동과외,서울,43,/tutor/seoul-kr-c911-b791-ad6c-kr-ace0-b355-b3d9/region_tutor,HOLD_CONTENT
candidate:tutor:seoul-kr-c911-b791-ad6c-kr-ae38-b3d9:region_tutor,seoul-kr-c911-b791-ad6c-kr-ae38-b3d9,강동구 길동과외,서울,44,/tutor/seoul-kr-c911-b791-ad6c-kr-ae38-b3d9/region_tutor,HOLD_CONTENT
candidate:tutor:seoul-kr-c911-b791-ad6c-kr-b454-cd0c-b3d9:region_tutor,seoul-kr-c911-b791-ad6c-kr-b454-cd0c-b3d9,둔촌동과외,서울,45,/tutor/seoul-kr-c911-b791-ad6c-kr-b454-cd0c-b3d9/region_tutor,HOLD_CONTENT
candidate:tutor:seoul-kr-c911-b791-ad6c-kr-ba85-c77c-b3d9:region_tutor,seoul-kr-c911-b791-ad6c-kr-ba85-c77c-b3d9,명일동과외,서울,46,/tutor/seoul-kr-c911-b791-ad6c-kr-ba85-c77c-b3d9/region_tutor,HOLD_CONTENT
candidate:tutor:seoul-kr-c911-b791-ad6c-kr-c0c1-c77c-b3d9:region_tutor,seoul-kr-c911-b791-ad6c-kr-c0c1-c77c-b3d9,상일동과외,서울,47,/tutor/seoul-kr-c911-b791-ad6c-kr-c0c1-c77c-b3d9/region_tutor,HOLD_CONTENT
candidate:tutor:seoul-kr-c911-b791-ad6c-kr-c131-b0b4-b3d9:region_tutor,seoul-kr-c911-b791-ad6c-kr-c131-b0b4-b3d9,성내동과외,서울,48,/tutor/seoul-kr-c911-b791-ad6c-kr-c131-b0b4-b3d9/region_tutor,HOLD_CONTENT
candidate:tutor:seoul-kr-c911-b791-ad6c-kr-c554-c0ac-b3d9:region_tutor,seoul-kr-c911-b791-ad6c-kr-c554-c0ac-b3d9,암사동과외,서울,49,/tutor/seoul-kr-c911-b791-ad6c-kr-c554-c0ac-b3d9/region_tutor,HOLD_CONTENT
candidate:tutor:seoul-kr-c911-b791-ad6c-kr-cc9c-d638-b3d9:region_tutor,seoul-kr-c911-b791-ad6c-kr-cc9c-d638-b3d9,천호동과외,서울,50,/tutor/seoul-kr-c911-b791-ad6c-kr-cc9c-d638-b3d9/region_tutor,HOLD_CONTENT
candidate:tutor:seoul-kr-c911-b791-ad6c-kr-bbf8-c544-b3d9:region_tutor,seoul-kr-c911-b791-ad6c-kr-bbf8-c544-b3d9,미아동과외,서울,51,/tutor/seoul-kr-c911-b791-ad6c-kr-bbf8-c544-b3d9/region_tutor,HOLD_CONTENT
candidate:tutor:seoul-kr-c911-b791-ad6c-kr-bc88-b3d9:region_tutor,seoul-kr-c911-b791-ad6c-kr-bc88-b3d9,강북구 번동과외,서울,52,/tutor/seoul-kr-c911-b791-ad6c-kr-bc88-b3d9/region_tutor,HOLD_CONTENT
candidate:tutor:seoul-kr-c911-b791-ad6c-kr-c218-c720-b3d9:region_tutor,seoul-kr-c911-b791-ad6c-kr-c218-c720-b3d9,수유동과외,서울,53,/tutor/seoul-kr-c911-b791-ad6c-kr-c218-c720-b3d9/region_tutor,HOLD_CONTENT
candidate:tutor:seoul-kr-c911-b791-ad6c-kr-c6b0-c774-b3d9:region_tutor,seoul-kr-c911-b791-ad6c-kr-c6b0-c774-b3d9,우이동과외,서울,54,/tutor/seoul-kr-c911-b791-ad6c-kr-c6b0-c774-b3d9/region_tutor,HOLD_CONTENT
candidate:tutor:seoul-kr-c911-b791-ad6c-kr-ac00-c591-b3d9:region_tutor,seoul-kr-c911-b791-ad6c-kr-ac00-c591-b3d9,가양동과외,서울,55,/tutor/seoul-kr-c911-b791-ad6c-kr-ac00-c591-b3d9/region_tutor,HOLD_CONTENT
candidate:tutor:seoul-kr-c911-b791-ad6c-kr-ac1c-d654-b3d9:region_tutor,seoul-kr-c911-b791-ad6c-kr-ac1c-d654-b3d9,개화동과외,서울,56,/tutor/seoul-kr-c911-b791-ad6c-kr-ac1c-d654-b3d9/region_tutor,HOLD_CONTENT
candidate:tutor:seoul-kr-c911-b791-ad6c-kr-acf5-d56d-b3d9:region_tutor,seoul-kr-c911-b791-ad6c-kr-acf5-d56d-b3d9,공항동과외,서울,57,/tutor/seoul-kr-c911-b791-ad6c-kr-acf5-d56d-b3d9/region_tutor,HOLD_CONTENT
candidate:tutor:seoul-kr-c911-b791-ad6c-kr-acfc-d574-b3d9:region_tutor,seoul-kr-c911-b791-ad6c-kr-acfc-d574-b3d9,과해동과외,서울,58,/tutor/seoul-kr-c911-b791-ad6c-kr-acfc-d574-b3d9/region_tutor,HOLD_CONTENT
candidate:tutor:seoul-kr-c911-b791-ad6c-kr-b0b4-bc1c-c0b0-b3d9:region_tutor,seoul-kr-c911-b791-ad6c-kr-b0b4-bc1c-c0b0-b3d9,내발산동과외,서울,59,/tutor/seoul-kr-c911-b791-ad6c-kr-b0b4-bc1c-c0b0-b3d9/region_tutor,HOLD_CONTENT
candidate:tutor:seoul-kr-c911-b791-ad6c-kr-b4f1-cd0c-b3d9:region_tutor,seoul-kr-c911-b791-ad6c-kr-b4f1-cd0c-b3d9,등촌동과외,서울,60,/tutor/seoul-kr-c911-b791-ad6c-kr-b4f1-cd0c-b3d9/region_tutor,HOLD_CONTENT
candidate:tutor:seoul-kr-c911-b791-ad6c-kr-b9c8-ace1-b3d9:region_tutor,seoul-kr-c911-b791-ad6c-kr-b9c8-ace1-b3d9,마곡동과외,서울,61,/tutor/seoul-kr-c911-b791-ad6c-kr-b9c8-ace1-b3d9/region_tutor,HOLD_CONTENT
candidate:tutor:seoul-kr-c911-b791-ad6c-kr-bc29-d654-b3d9:region_tutor,seoul-kr-c911-b791-ad6c-kr-bc29-d654-b3d9,방화동과외,서울,62,/tutor/seoul-kr-c911-b791-ad6c-kr-bc29-d654-b3d9/region_tutor,HOLD_CONTENT
candidate:tutor:seoul-kr-c911-b791-ad6c-kr-c5fc-cc3d-b3d9:region_tutor,seoul-kr-c911-b791-ad6c-kr-c5fc-cc3d-b3d9,염창동과외,서울,63,/tutor/seoul-kr-c911-b791-ad6c-kr-c5fc-cc3d-b3d9/region_tutor,HOLD_CONTENT
candidate:tutor:seoul-kr-c911-b791-ad6c-kr-c624-ace1-b3d9:region_tutor,seoul-kr-c911-b791-ad6c-kr-c624-ace1-b3d9,오곡동과외,서울,64,/tutor/seoul-kr-c911-b791-ad6c-kr-c624-ace1-b3d9/region_tutor,HOLD_CONTENT
candidate:tutor:seoul-kr-c911-b791-ad6c-kr-c624-c1e0-b3d9:region_tutor,seoul-kr-c911-b791-ad6c-kr-c624-c1e0-b3d9,오쇠동과외,서울,65,/tutor/seoul-kr-c911-b791-ad6c-kr-c624-c1e0-b3d9/region_tutor,HOLD_CONTENT
candidate:tutor:seoul-kr-c911-b791-ad6c-kr-c678-bc1c-c0b0-b3d9:region_tutor,seoul-kr-c911-b791-ad6c-kr-c678-bc1c-c0b0-b3d9,외발산동과외,서울,66,/tutor/seoul-kr-c911-b791-ad6c-kr-c678-bc1c-c0b0-b3d9/region_tutor,HOLD_CONTENT
candidate:tutor:seoul-kr-c911-b791-ad6c-kr-d654-ace1-b3d9:region_tutor,seoul-kr-c911-b791-ad6c-kr-d654-ace1-b3d9,화곡동과외,서울,67,/tutor/seoul-kr-c911-b791-ad6c-kr-d654-ace1-b3d9/region_tutor,HOLD_CONTENT
candidate:tutor:seoul-kr-c911-b791-ad6c-kr-b0a8-d604-b3d9:region_tutor,seoul-kr-c911-b791-ad6c-kr-b0a8-d604-b3d9,남현동과외,서울,68,/tutor/seoul-kr-c911-b791-ad6c-kr-b0a8-d604-b3d9/region_tutor,HOLD_CONTENT
candidate:tutor:seoul-kr-c911-b791-ad6c-kr-bd09-cc9c-b3d9:region_tutor,seoul-kr-c911-b791-ad6c-kr-bd09-cc9c-b3d9,봉천동과외,서울,69,/tutor/seoul-kr-c911-b791-ad6c-kr-bd09-cc9c-b3d9/region_tutor,HOLD_CONTENT
candidate:tutor:seoul-kr-c911-b791-ad6c-kr-c2e0-b9bc-b3d9:region_tutor,seoul-kr-c911-b791-ad6c-kr-c2e0-b9bc-b3d9,신림동과외,서울,70,/tutor/seoul-kr-c911-b791-ad6c-kr-c2e0-b9bc-b3d9/region_tutor,HOLD_CONTENT
candidate:tutor:seoul-kr-c911-b791-ad6c-kr-ad11-c7a5-b3d9:region_tutor,seoul-kr-c911-b791-ad6c-kr-ad11-c7a5-b3d9,광장동과외,서울,71,/tutor/seoul-kr-c911-b791-ad6c-kr-ad11-c7a5-b3d9/region_tutor,HOLD_CONTENT
candidate:tutor:seoul-kr-c911-b791-ad6c-kr-ad6c-c758-b3d9:region_tutor,seoul-kr-c911-b791-ad6c-kr-ad6c-c758-b3d9,구의동과외,서울,72,/tutor/seoul-kr-c911-b791-ad6c-kr-ad6c-c758-b3d9/region_tutor,HOLD_CONTENT
candidate:tutor:seoul-kr-c911-b791-ad6c-kr-ad70-c790-b3d9:region_tutor,seoul-kr-c911-b791-ad6c-kr-ad70-c790-b3d9,군자동과외,서울,73,/tutor/seoul-kr-c911-b791-ad6c-kr-ad70-c790-b3d9/region_tutor,HOLD_CONTENT
candidate:tutor:seoul-kr-c911-b791-ad6c-kr-b2a5-b3d9:region_tutor,seoul-kr-c911-b791-ad6c-kr-b2a5-b3d9,광진구 능동과외,서울,74,/tutor/seoul-kr-c911-b791-ad6c-kr-b2a5-b3d9/region_tutor,HOLD_CONTENT
candidate:tutor:seoul-kr-c911-b791-ad6c-kr-c790-c591-b3d9:region_tutor,seoul-kr-c911-b791-ad6c-kr-c790-c591-b3d9,자양동과외,서울,75,/tutor/seoul-kr-c911-b791-ad6c-kr-c790-c591-b3d9/region_tutor,HOLD_CONTENT
candidate:tutor:seoul-kr-c911-b791-ad6c-kr-c911-ace1-b3d9:region_tutor,seoul-kr-c911-b791-ad6c-kr-c911-ace1-b3d9,중곡동과외,서울,76,/tutor/seoul-kr-c911-b791-ad6c-kr-c911-ace1-b3d9/region_tutor,HOLD_CONTENT
candidate:tutor:seoul-kr-c911-b791-ad6c-kr-d654-c591-b3d9:region_tutor,seoul-kr-c911-b791-ad6c-kr-d654-c591-b3d9,화양동과외,서울,77,/tutor/seoul-kr-c911-b791-ad6c-kr-d654-c591-b3d9/region_tutor,HOLD_CONTENT
candidate:tutor:seoul-kr-c911-b791-ad6c-kr-ac00-b9ac-bd09-b3d9:region_tutor,seoul-kr-c911-b791-ad6c-kr-ac00-b9ac-bd09-b3d9,가리봉동과외,서울,78,/tutor/seoul-kr-c911-b791-ad6c-kr-ac00-b9ac-bd09-b3d9/region_tutor,HOLD_CONTENT
candidate:tutor:seoul-kr-c911-b791-ad6c-kr-ac1c-bd09-b3d9:region_tutor,seoul-kr-c911-b791-ad6c-kr-ac1c-bd09-b3d9,개봉동과외,서울,79,/tutor/seoul-kr-c911-b791-ad6c-kr-ac1c-bd09-b3d9/region_tutor,HOLD_CONTENT
candidate:tutor:seoul-kr-c911-b791-ad6c-kr-ace0-cc99-b3d9:region_tutor,seoul-kr-c911-b791-ad6c-kr-ace0-cc99-b3d9,고척동과외,서울,80,/tutor/seoul-kr-c911-b791-ad6c-kr-ace0-cc99-b3d9/region_tutor,HOLD_CONTENT
candidate:tutor:seoul-kr-c911-b791-ad6c-kr-ad6c-b85c-b3d9:region_tutor,seoul-kr-c911-b791-ad6c-kr-ad6c-b85c-b3d9,구로동과외,서울,81,/tutor/seoul-kr-c911-b791-ad6c-kr-ad6c-b85c-b3d9/region_tutor,HOLD_CONTENT
candidate:tutor:seoul-kr-c911-b791-ad6c-kr-ad81-b3d9:region_tutor,seoul-kr-c911-b791-ad6c-kr-ad81-b3d9,구로구 궁동과외,서울,82,/tutor/seoul-kr-c911-b791-ad6c-kr-ad81-b3d9/region_tutor,HOLD_CONTENT
candidate:tutor:seoul-kr-c911-b791-ad6c-kr-c2e0-b3c4-b9bc-b3d9:region_tutor,seoul-kr-c911-b791-ad6c-kr-c2e0-b3c4-b9bc-b3d9,신도림동과외,서울,83,/tutor/seoul-kr-c911-b791-ad6c-kr-c2e0-b3c4-b9bc-b3d9/region_tutor,HOLD_CONTENT
candidate:tutor:seoul-kr-c911-b791-ad6c-kr-c624-b958-b3d9:region_tutor,seoul-kr-c911-b791-ad6c-kr-c624-b958-b3d9,오류동과외,서울,84,/tutor/seoul-kr-c911-b791-ad6c-kr-c624-b958-b3d9/region_tutor,HOLD_CONTENT
candidate:tutor:seoul-kr-c911-b791-ad6c-kr-c628-c218-b3d9:region_tutor,seoul-kr-c911-b791-ad6c-kr-c628-c218-b3d9,온수동과외,서울,85,/tutor/seoul-kr-c911-b791-ad6c-kr-c628-c218-b3d9/region_tutor,HOLD_CONTENT
candidate:tutor:seoul-kr-c911-b791-ad6c-kr-cc9c-c655-b3d9:region_tutor,seoul-kr-c911-b791-ad6c-kr-cc9c-c655-b3d9,천왕동과외,서울,86,/tutor/seoul-kr-c911-b791-ad6c-kr-cc9c-c655-b3d9/region_tutor,HOLD_CONTENT
candidate:tutor:seoul-kr-c911-b791-ad6c-kr-d56d-b3d9:region_tutor,seoul-kr-c911-b791-ad6c-kr-d56d-b3d9,구로구 항동과외,서울,87,/tutor/seoul-kr-c911-b791-ad6c-kr-d56d-b3d9/region_tutor,HOLD_CONTENT
candidate:tutor:seoul-kr-c911-b791-ad6c-kr-ac00-c0b0-b3d9:region_tutor,seoul-kr-c911-b791-ad6c-kr-ac00-c0b0-b3d9,가산동과외,서울,88,/tutor/seoul-kr-c911-b791-ad6c-kr-ac00-c0b0-b3d9/region_tutor,HOLD_CONTENT
candidate:tutor:seoul-kr-c911-b791-ad6c-kr-b3c5-c0b0-b3d9:region_tutor,seoul-kr-c911-b791-ad6c-kr-b3c5-c0b0-b3d9,독산동과외,서울,89,/tutor/seoul-kr-c911-b791-ad6c-kr-b3c5-c0b0-b3d9/region_tutor,HOLD_CONTENT
candidate:tutor:seoul-kr-c911-b791-ad6c-kr-c2dc-d765-b3d9:region_tutor,seoul-kr-c911-b791-ad6c-kr-c2dc-d765-b3d9,시흥동과외,서울,90,/tutor/seoul-kr-c911-b791-ad6c-kr-c2dc-d765-b3d9/region_tutor,HOLD_CONTENT
candidate:tutor:seoul-kr-c911-b791-ad6c-kr-acf5-b989-b3d9:region_tutor,seoul-kr-c911-b791-ad6c-kr-acf5-b989-b3d9,공릉동과외,서울,91,/tutor/seoul-kr-c911-b791-ad6c-kr-acf5-b989-b3d9/region_tutor,HOLD_CONTENT
candidate:tutor:seoul-kr-c911-b791-ad6c-kr-c0c1-acc4-b3d9:region_tutor,seoul-kr-c911-b791-ad6c-kr-c0c1-acc4-b3d9,상계동과외,서울,92,/tutor/seoul-kr-c911-b791-ad6c-kr-c0c1-acc4-b3d9/region_tutor,HOLD_CONTENT
candidate:tutor:seoul-kr-c911-b791-ad6c-kr-c6d4-acc4-b3d9:region_tutor,seoul-kr-c911-b791-ad6c-kr-c6d4-acc4-b3d9,월계동과외,서울,93,/tutor/seoul-kr-c911-b791-ad6c-kr-c6d4-acc4-b3d9/region_tutor,HOLD_CONTENT
candidate:tutor:seoul-kr-c911-b791-ad6c-kr-c911-acc4-b3d9:region_tutor,seoul-kr-c911-b791-ad6c-kr-c911-acc4-b3d9,중계동과외,서울,94,/tutor/seoul-kr-c911-b791-ad6c-kr-c911-acc4-b3d9/region_tutor,HOLD_CONTENT
candidate:tutor:seoul-kr-c911-b791-ad6c-kr-d558-acc4-b3d9:region_tutor,seoul-kr-c911-b791-ad6c-kr-d558-acc4-b3d9,하계동과외,서울,95,/tutor/seoul-kr-c911-b791-ad6c-kr-d558-acc4-b3d9/region_tutor,HOLD_CONTENT
candidate:tutor:seoul-kr-c911-b791-ad6c-kr-b3c4-bd09-b3d9:region_tutor,seoul-kr-c911-b791-ad6c-kr-b3c4-bd09-b3d9,도봉동과외,서울,96,/tutor/seoul-kr-c911-b791-ad6c-kr-b3c4-bd09-b3d9/region_tutor,HOLD_CONTENT
candidate:tutor:seoul-kr-c911-b791-ad6c-kr-bc29-d559-b3d9:region_tutor,seoul-kr-c911-b791-ad6c-kr-bc29-d559-b3d9,방학동과외,서울,97,/tutor/seoul-kr-c911-b791-ad6c-kr-bc29-d559-b3d9/region_tutor,HOLD_CONTENT
candidate:tutor:seoul-kr-c911-b791-ad6c-kr-c30d-bb38-b3d9:region_tutor,seoul-kr-c911-b791-ad6c-kr-c30d-bb38-b3d9,쌍문동과외,서울,98,/tutor/seoul-kr-c911-b791-ad6c-kr-c30d-bb38-b3d9/region_tutor,HOLD_CONTENT
candidate:tutor:seoul-kr-c911-b791-ad6c-kr-cc3d-b3d9:region_tutor,seoul-kr-c911-b791-ad6c-kr-cc3d-b3d9,도봉구 창동과외,서울,99,/tutor/seoul-kr-c911-b791-ad6c-kr-cc3d-b3d9/region_tutor,HOLD_CONTENT
candidate:tutor:seoul-kr-c911-b791-ad6c-kr-b2f5-c2ed-b9ac-b3d9:region_tutor,seoul-kr-c911-b791-ad6c-kr-b2f5-c2ed-b9ac-b3d9,답십리동과외,서울,100,/tutor/seoul-kr-c911-b791-ad6c-kr-b2f5-c2ed-b9ac-b3d9/region_tutor,HOLD_CONTENT
candidate:tutor:seoul-kr-c911-b791-ad6c-kr-c2e0-c124-b3d9:region_tutor,seoul-kr-c911-b791-ad6c-kr-c2e0-c124-b3d9,신설동과외,서울,101,/tutor/seoul-kr-c911-b791-ad6c-kr-c2e0-c124-b3d9/region_tutor,HOLD_CONTENT
candidate:tutor:seoul-kr-c911-b791-ad6c-kr-c6a9-b450-b3d9:region_tutor,seoul-kr-c911-b791-ad6c-kr-c6a9-b450-b3d9,용두동과외,서울,102,/tutor/seoul-kr-c911-b791-ad6c-kr-c6a9-b450-b3d9/region_tutor,HOLD_CONTENT
candidate:tutor:seoul-kr-c911-b791-ad6c-kr-c774-bb38-b3d9:region_tutor,seoul-kr-c911-b791-ad6c-kr-c774-bb38-b3d9,이문동과외,서울,103,/tutor/seoul-kr-c911-b791-ad6c-kr-c774-bb38-b3d9/region_tutor,HOLD_CONTENT
candidate:tutor:seoul-kr-c911-b791-ad6c-kr-c7a5-c548-b3d9:region_tutor,seoul-kr-c911-b791-ad6c-kr-c7a5-c548-b3d9,장안동과외,서울,104,/tutor/seoul-kr-c911-b791-ad6c-kr-c7a5-c548-b3d9/region_tutor,HOLD_CONTENT
candidate:tutor:seoul-kr-c911-b791-ad6c-kr-c804-b18d-b3d9:region_tutor,seoul-kr-c911-b791-ad6c-kr-c804-b18d-b3d9,전농동과외,서울,105,/tutor/seoul-kr-c911-b791-ad6c-kr-c804-b18d-b3d9/region_tutor,HOLD_CONTENT
candidate:tutor:seoul-kr-c911-b791-ad6c-kr-c81c-ae30-b3d9:region_tutor,seoul-kr-c911-b791-ad6c-kr-c81c-ae30-b3d9,제기동과외,서울,106,/tutor/seoul-kr-c911-b791-ad6c-kr-c81c-ae30-b3d9/region_tutor,HOLD_CONTENT
candidate:tutor:seoul-kr-c911-b791-ad6c-kr-ccad-b7c9-b9ac-b3d9:region_tutor,seoul-kr-c911-b791-ad6c-kr-ccad-b7c9-b9ac-b3d9,청량리동과외,서울,107,/tutor/seoul-kr-c911-b791-ad6c-kr-ccad-b7c9-b9ac-b3d9/region_tutor,HOLD_CONTENT
candidate:tutor:seoul-kr-c911-b791-ad6c-kr-d68c-ae30-b3d9:region_tutor,seoul-kr-c911-b791-ad6c-kr-d68c-ae30-b3d9,회기동과외,서울,108,/tutor/seoul-kr-c911-b791-ad6c-kr-d68c-ae30-b3d9/region_tutor,HOLD_CONTENT
candidate:tutor:seoul-kr-c911-b791-ad6c-kr-d718-acbd-b3d9:region_tutor,seoul-kr-c911-b791-ad6c-kr-d718-acbd-b3d9,휘경동과외,서울,109,/tutor/seoul-kr-c911-b791-ad6c-kr-d718-acbd-b3d9/region_tutor,HOLD_CONTENT
candidate:tutor:seoul-kr-c911-b791-ad6c-kr-b178-b7c9-c9c4-b3d9:region_tutor,seoul-kr-c911-b791-ad6c-kr-b178-b7c9-c9c4-b3d9,노량진동과외,서울,110,/tutor/seoul-kr-c911-b791-ad6c-kr-b178-b7c9-c9c4-b3d9/region_tutor,HOLD_CONTENT
candidate:tutor:seoul-kr-c911-b791-ad6c-kr-b300-bc29-b3d9:region_tutor,seoul-kr-c911-b791-ad6c-kr-b300-bc29-b3d9,대방동과외,서울,111,/tutor/seoul-kr-c911-b791-ad6c-kr-b300-bc29-b3d9/region_tutor,HOLD_CONTENT
candidate:tutor:seoul-kr-c911-b791-ad6c-kr-b3d9-c791-b3d9:region_tutor,seoul-kr-c911-b791-ad6c-kr-b3d9-c791-b3d9,동작동과외,서울,112,/tutor/seoul-kr-c911-b791-ad6c-kr-b3d9-c791-b3d9/region_tutor,HOLD_CONTENT
candidate:tutor:seoul-kr-c911-b791-ad6c-kr-bcf8-b3d9:region_tutor,seoul-kr-c911-b791-ad6c-kr-bcf8-b3d9,동작구 본동과외,서울,113,/tutor/seoul-kr-c911-b791-ad6c-kr-bcf8-b3d9/region_tutor,HOLD_CONTENT
candidate:tutor:seoul-kr-c911-b791-ad6c-kr-c0ac-b2f9-b3d9:region_tutor,seoul-kr-c911-b791-ad6c-kr-c0ac-b2f9-b3d9,사당동과외,서울,114,/tutor/seoul-kr-c911-b791-ad6c-kr-c0ac-b2f9-b3d9/region_tutor,HOLD_CONTENT
candidate:tutor:seoul-kr-c911-b791-ad6c-kr-c0c1-b3c4-b3d9:region_tutor,seoul-kr-c911-b791-ad6c-kr-c0c1-b3c4-b3d9,상도동과외,서울,115,/tutor/seoul-kr-c911-b791-ad6c-kr-c0c1-b3c4-b3d9/region_tutor,HOLD_CONTENT
candidate:tutor:seoul-kr-c911-b791-ad6c-kr-c2e0-b300-bc29-b3d9:region_tutor,seoul-kr-c911-b791-ad6c-kr-c2e0-b300-bc29-b3d9,신대방동과외,서울,116,/tutor/seoul-kr-c911-b791-ad6c-kr-c2e0-b300-bc29-b3d9/region_tutor,HOLD_CONTENT
candidate:tutor:seoul-kr-c911-b791-ad6c-kr-d751-c11d-b3d9:region_tutor,seoul-kr-c911-b791-ad6c-kr-d751-c11d-b3d9,흑석동과외,서울,117,/tutor/seoul-kr-c911-b791-ad6c-kr-d751-c11d-b3d9/region_tutor,HOLD_CONTENT
candidate:tutor:seoul-kr-c911-b791-ad6c-kr-acf5-b355-b3d9:region_tutor,seoul-kr-c911-b791-ad6c-kr-acf5-b355-b3d9,공덕동과외,서울,118,/tutor/seoul-kr-c911-b791-ad6c-kr-acf5-b355-b3d9/region_tutor,HOLD_CONTENT
candidate:tutor:seoul-kr-c911-b791-ad6c-kr-ad6c-c218-b3d9:region_tutor,seoul-kr-c911-b791-ad6c-kr-ad6c-c218-b3d9,구수동과외,서울,119,/tutor/seoul-kr-c911-b791-ad6c-kr-ad6c-c218-b3d9/region_tutor,HOLD_CONTENT
candidate:tutor:seoul-kr-c911-b791-ad6c-kr-b178-ace0-c0b0-b3d9:region_tutor,seoul-kr-c911-b791-ad6c-kr-b178-ace0-c0b0-b3d9,노고산동과외,서울,120,/tutor/seoul-kr-c911-b791-ad6c-kr-b178-ace0-c0b0-b3d9/region_tutor,HOLD_CONTENT
candidate:tutor:seoul-kr-c911-b791-ad6c-kr-b2f9-c778-b3d9:region_tutor,seoul-kr-c911-b791-ad6c-kr-b2f9-c778-b3d9,당인동과외,서울,121,/tutor/seoul-kr-c911-b791-ad6c-kr-b2f9-c778-b3d9/region_tutor,HOLD_CONTENT
candidate:tutor:seoul-kr-c911-b791-ad6c-kr-b300-d765-b3d9:region_tutor,seoul-kr-c911-b791-ad6c-kr-b300-d765-b3d9,대흥동과외,서울,122,/tutor/seoul-kr-c911-b791-ad6c-kr-b300-d765-b3d9/region_tutor,HOLD_CONTENT
candidate:tutor:seoul-kr-c911-b791-ad6c-kr-b3c4-d654-b3d9:region_tutor,seoul-kr-c911-b791-ad6c-kr-b3c4-d654-b3d9,도화동과외,서울,123,/tutor/seoul-kr-c911-b791-ad6c-kr-b3c4-d654-b3d9/region_tutor,HOLD_CONTENT
candidate:tutor:seoul-kr-c911-b791-ad6c-kr-b3d9-ad50-b3d9:region_tutor,seoul-kr-c911-b791-ad6c-kr-b3d9-ad50-b3d9,동교동과외,서울,124,/tutor/seoul-kr-c911-b791-ad6c-kr-b3d9-ad50-b3d9/region_tutor,HOLD_CONTENT
candidate:tutor:seoul-kr-c911-b791-ad6c-kr-b9c8-d3ec-b3d9:region_tutor,seoul-kr-c911-b791-ad6c-kr-b9c8-d3ec-b3d9,마포동과외,서울,125,/tutor/seoul-kr-c911-b791-ad6c-kr-b9c8-d3ec-b3d9/region_tutor,HOLD_CONTENT
candidate:tutor:seoul-kr-c911-b791-ad6c-kr-b9dd-c6d0-b3d9:region_tutor,seoul-kr-c911-b791-ad6c-kr-b9dd-c6d0-b3d9,망원동과외,서울,126,/tutor/seoul-kr-c911-b791-ad6c-kr-b9dd-c6d0-b3d9/region_tutor,HOLD_CONTENT
candidate:tutor:seoul-kr-c911-b791-ad6c-kr-c0c1-c218-b3d9:region_tutor,seoul-kr-c911-b791-ad6c-kr-c0c1-c218-b3d9,상수동과외,서울,127,/tutor/seoul-kr-c911-b791-ad6c-kr-c0c1-c218-b3d9/region_tutor,HOLD_CONTENT
candidate:tutor:seoul-kr-c911-b791-ad6c-kr-c0c1-c554-b3d9:region_tutor,seoul-kr-c911-b791-ad6c-kr-c0c1-c554-b3d9,상암동과외,서울,128,/tutor/seoul-kr-c911-b791-ad6c-kr-c0c1-c554-b3d9/region_tutor,HOLD_CONTENT
candidate:tutor:seoul-kr-c911-b791-ad6c-kr-c11c-ad50-b3d9:region_tutor,seoul-kr-c911-b791-ad6c-kr-c11c-ad50-b3d9,서교동과외,서울,129,/tutor/seoul-kr-c911-b791-ad6c-kr-c11c-ad50-b3d9/region_tutor,HOLD_CONTENT
candidate:tutor:seoul-kr-c911-b791-ad6c-kr-c131-c0b0-b3d9:region_tutor,seoul-kr-c911-b791-ad6c-kr-c131-c0b0-b3d9,성산동과외,서울,130,/tutor/seoul-kr-c911-b791-ad6c-kr-c131-c0b0-b3d9/region_tutor,HOLD_CONTENT
candidate:tutor:seoul-kr-c911-b791-ad6c-kr-c2e0-acf5-b355-b3d9:region_tutor,seoul-kr-c911-b791-ad6c-kr-c2e0-acf5-b355-b3d9,신공덕동과외,서울,131,/tutor/seoul-kr-c911-b791-ad6c-kr-c2e0-acf5-b355-b3d9/region_tutor,HOLD_CONTENT
candidate:tutor:seoul-kr-c911-b791-ad6c-kr-c2e0-c218-b3d9:region_tutor,seoul-kr-c911-b791-ad6c-kr-c2e0-c218-b3d9,신수동과외,서울,132,/tutor/seoul-kr-c911-b791-ad6c-kr-c2e0-c218-b3d9/region_tutor,HOLD_CONTENT
candidate:tutor:seoul-kr-c911-b791-ad6c-kr-c544-d604-b3d9:region_tutor,seoul-kr-c911-b791-ad6c-kr-c544-d604-b3d9,아현동과외,서울,133,/tutor/seoul-kr-c911-b791-ad6c-kr-c544-d604-b3d9/region_tutor,HOLD_CONTENT
candidate:tutor:seoul-kr-c911-b791-ad6c-kr-c5f0-b0a8-b3d9:region_tutor,seoul-kr-c911-b791-ad6c-kr-c5f0-b0a8-b3d9,연남동과외,서울,134,/tutor/seoul-kr-c911-b791-ad6c-kr-c5f0-b0a8-b3d9/region_tutor,HOLD_CONTENT
candidate:tutor:seoul-kr-c911-b791-ad6c-kr-c5fc-b9ac-b3d9:region_tutor,seoul-kr-c911-b791-ad6c-kr-c5fc-b9ac-b3d9,염리동과외,서울,135,/tutor/seoul-kr-c911-b791-ad6c-kr-c5fc-b9ac-b3d9/region_tutor,HOLD_CONTENT
candidate:tutor:seoul-kr-c911-b791-ad6c-kr-c6a9-ac15-b3d9:region_tutor,seoul-kr-c911-b791-ad6c-kr-c6a9-ac15-b3d9,용강동과외,서울,136,/tutor/seoul-kr-c911-b791-ad6c-kr-c6a9-ac15-b3d9/region_tutor,HOLD_CONTENT
candidate:tutor:seoul-kr-c911-b791-ad6c-kr-c911-b3d9:region_tutor,seoul-kr-c911-b791-ad6c-kr-c911-b3d9,마포구 중동과외,서울,137,/tutor/seoul-kr-c911-b791-ad6c-kr-c911-b3d9/region_tutor,HOLD_CONTENT
candidate:tutor:seoul-kr-c911-b791-ad6c-kr-cc3d-c804-b3d9:region_tutor,seoul-kr-c911-b791-ad6c-kr-cc3d-c804-b3d9,창전동과외,서울,138,/tutor/seoul-kr-c911-b791-ad6c-kr-cc3d-c804-b3d9/region_tutor,HOLD_CONTENT
candidate:tutor:seoul-kr-c911-b791-ad6c-kr-d1a0-c815-b3d9:region_tutor,seoul-kr-c911-b791-ad6c-kr-d1a0-c815-b3d9,토정동과외,서울,139,/tutor/seoul-kr-c911-b791-ad6c-kr-d1a0-c815-b3d9/region_tutor,HOLD_CONTENT
candidate:tutor:seoul-kr-c911-b791-ad6c-kr-d569-c815-b3d9:region_tutor,seoul-kr-c911-b791-ad6c-kr-d569-c815-b3d9,합정동과외,서울,140,/tutor/seoul-kr-c911-b791-ad6c-kr-d569-c815-b3d9/region_tutor,HOLD_CONTENT
candidate:tutor:seoul-kr-c911-b791-ad6c-kr-d604-c11d-b3d9:region_tutor,seoul-kr-c911-b791-ad6c-kr-d604-c11d-b3d9,현석동과외,서울,141,/tutor/seoul-kr-c911-b791-ad6c-kr-d604-c11d-b3d9/region_tutor,HOLD_CONTENT
candidate:tutor:seoul-kr-c911-b791-ad6c-kr-b0a8-ac00-c88c-b3d9:region_tutor,seoul-kr-c911-b791-ad6c-kr-b0a8-ac00-c88c-b3d9,남가좌동과외,서울,142,/tutor/seoul-kr-c911-b791-ad6c-kr-b0a8-ac00-c88c-b3d9/region_tutor,HOLD_CONTENT
candidate:tutor:seoul-kr-c911-b791-ad6c-kr-b0c9-cc9c-b3d9:region_tutor,seoul-kr-c911-b791-ad6c-kr-b0c9-cc9c-b3d9,냉천동과외,서울,143,/tutor/seoul-kr-c911-b791-ad6c-kr-b0c9-cc9c-b3d9/region_tutor,HOLD_CONTENT
candidate:tutor:seoul-kr-c911-b791-ad6c-kr-b300-c2e0-b3d9:region_tutor,seoul-kr-c911-b791-ad6c-kr-b300-c2e0-b3d9,대신동과외,서울,144,/tutor/seoul-kr-c911-b791-ad6c-kr-b300-c2e0-b3d9/region_tutor,HOLD_CONTENT
candidate:tutor:seoul-kr-c911-b791-ad6c-kr-b300-d604-b3d9:region_tutor,seoul-kr-c911-b791-ad6c-kr-b300-d604-b3d9,대현동과외,서울,145,/tutor/seoul-kr-c911-b791-ad6c-kr-b300-d604-b3d9/region_tutor,HOLD_CONTENT
candidate:tutor:seoul-kr-c911-b791-ad6c-kr-bbf8-adfc-b3d9:region_tutor,seoul-kr-c911-b791-ad6c-kr-bbf8-adfc-b3d9,미근동과외,서울,146,/tutor/seoul-kr-c911-b791-ad6c-kr-bbf8-adfc-b3d9/region_tutor,HOLD_CONTENT
candidate:tutor:seoul-kr-c911-b791-ad6c-kr-bd09-c6d0-b3d9:region_tutor,seoul-kr-c911-b791-ad6c-kr-bd09-c6d0-b3d9,봉원동과외,서울,147,/tutor/seoul-kr-c911-b791-ad6c-kr-bd09-c6d0-b3d9/region_tutor,HOLD_CONTENT
candidate:tutor:seoul-kr-c911-b791-ad6c-kr-bd81-ac00-c88c-b3d9:region_tutor,seoul-kr-c911-b791-ad6c-kr-bd81-ac00-c88c-b3d9,북가좌동과외,서울,148,/tutor/seoul-kr-c911-b791-ad6c-kr-bd81-ac00-c88c-b3d9/region_tutor,HOLD_CONTENT
candidate:tutor:seoul-kr-c911-b791-ad6c-kr-bd81-c544-d604-b3d9:region_tutor,seoul-kr-c911-b791-ad6c-kr-bd81-c544-d604-b3d9,북아현동과외,서울,149,/tutor/seoul-kr-c911-b791-ad6c-kr-bd81-c544-d604-b3d9/region_tutor,HOLD_CONTENT
candidate:tutor:seoul-kr-c911-b791-ad6c-kr-c2e0-cd0c-b3d9:region_tutor,seoul-kr-c911-b791-ad6c-kr-c2e0-cd0c-b3d9,신촌동과외,서울,150,/tutor/seoul-kr-c911-b791-ad6c-kr-c2e0-cd0c-b3d9/region_tutor,HOLD_CONTENT
candidate:tutor:seoul-kr-c911-b791-ad6c-kr-c5f0-d76c-b3d9:region_tutor,seoul-kr-c911-b791-ad6c-kr-c5f0-d76c-b3d9,연희동과외,서울,151,/tutor/seoul-kr-c911-b791-ad6c-kr-c5f0-d76c-b3d9/region_tutor,HOLD_CONTENT
candidate:tutor:seoul-kr-c911-b791-ad6c-kr-c601-cc9c-b3d9:region_tutor,seoul-kr-c911-b791-ad6c-kr-c601-cc9c-b3d9,영천동과외,서울,152,/tutor/seoul-kr-c911-b791-ad6c-kr-c601-cc9c-b3d9/region_tutor,HOLD_CONTENT
candidate:tutor:seoul-kr-c911-b791-ad6c-kr-c625-cc9c-b3d9:region_tutor,seoul-kr-c911-b791-ad6c-kr-c625-cc9c-b3d9,옥천동과외,서울,153,/tutor/seoul-kr-c911-b791-ad6c-kr-c625-cc9c-b3d9/region_tutor,HOLD_CONTENT
candidate:tutor:seoul-kr-c911-b791-ad6c-kr-cc3d-cc9c-b3d9:region_tutor,seoul-kr-c911-b791-ad6c-kr-cc3d-cc9c-b3d9,창천동과외,서울,154,/tutor/seoul-kr-c911-b791-ad6c-kr-cc3d-cc9c-b3d9/region_tutor,HOLD_CONTENT
candidate:tutor:seoul-kr-c911-b791-ad6c-kr-cc9c-c5f0-b3d9:region_tutor,seoul-kr-c911-b791-ad6c-kr-cc9c-c5f0-b3d9,천연동과외,서울,155,/tutor/seoul-kr-c911-b791-ad6c-kr-cc9c-c5f0-b3d9/region_tutor,HOLD_CONTENT
candidate:tutor:seoul-kr-c911-b791-ad6c-kr-cda9-c815-b85c-b3d9:region_tutor,seoul-kr-c911-b791-ad6c-kr-cda9-c815-b85c-b3d9,충정로동과외,서울,156,/tutor/seoul-kr-c911-b791-ad6c-kr-cda9-c815-b85c-b3d9/region_tutor,HOLD_CONTENT
candidate:tutor:seoul-kr-c911-b791-ad6c-kr-d569-b3d9:region_tutor,seoul-kr-c911-b791-ad6c-kr-d569-b3d9,서대문구 합동과외,서울,157,/tutor/seoul-kr-c911-b791-ad6c-kr-d569-b3d9/region_tutor,HOLD_CONTENT
candidate:tutor:seoul-kr-c911-b791-ad6c-kr-d604-c800-b3d9:region_tutor,seoul-kr-c911-b791-ad6c-kr-d604-c800-b3d9,현저동과외,서울,158,/tutor/seoul-kr-c911-b791-ad6c-kr-d604-c800-b3d9/region_tutor,HOLD_CONTENT
candidate:tutor:seoul-kr-c911-b791-ad6c-kr-d64d-c740-b3d9:region_tutor,seoul-kr-c911-b791-ad6c-kr-d64d-c740-b3d9,홍은동과외,서울,159,/tutor/seoul-kr-c911-b791-ad6c-kr-d64d-c740-b3d9/region_tutor,HOLD_CONTENT
candidate:tutor:seoul-kr-c911-b791-ad6c-kr-d64d-c81c-b3d9:region_tutor,seoul-kr-c911-b791-ad6c-kr-d64d-c81c-b3d9,홍제동과외,서울,160,/tutor/seoul-kr-c911-b791-ad6c-kr-d64d-c81c-b3d9/region_tutor,HOLD_CONTENT
candidate:tutor:seoul-kr-c911-b791-ad6c-kr-b0b4-ace1-b3d9:region_tutor,seoul-kr-c911-b791-ad6c-kr-b0b4-ace1-b3d9,내곡동과외,서울,161,/tutor/seoul-kr-c911-b791-ad6c-kr-b0b4-ace1-b3d9/region_tutor,HOLD_CONTENT
candidate:tutor:seoul-kr-c911-b791-ad6c-kr-bc18-d3ec-b3d9:region_tutor,seoul-kr-c911-b791-ad6c-kr-bc18-d3ec-b3d9,반포동과외,서울,162,/tutor/seoul-kr-c911-b791-ad6c-kr-bc18-d3ec-b3d9/region_tutor,HOLD_CONTENT
candidate:tutor:seoul-kr-c911-b791-ad6c-kr-bc29-bc30-b3d9:region_tutor,seoul-kr-c911-b791-ad6c-kr-bc29-bc30-b3d9,방배동과외,서울,163,/tutor/seoul-kr-c911-b791-ad6c-kr-bc29-bc30-b3d9/region_tutor,HOLD_CONTENT
candidate:tutor:seoul-kr-c911-b791-ad6c-kr-c11c-cd08-b3d9:region_tutor,seoul-kr-c911-b791-ad6c-kr-c11c-cd08-b3d9,서초동과외,서울,164,/tutor/seoul-kr-c911-b791-ad6c-kr-c11c-cd08-b3d9/region_tutor,HOLD_CONTENT
candidate:tutor:seoul-kr-c911-b791-ad6c-kr-c2e0-c6d0-b3d9:region_tutor,seoul-kr-c911-b791-ad6c-kr-c2e0-c6d0-b3d9,신원동과외,서울,165,/tutor/seoul-kr-c911-b791-ad6c-kr-c2e0-c6d0-b3d9/region_tutor,HOLD_CONTENT
candidate:tutor:seoul-kr-c911-b791-ad6c-kr-c591-c7ac-b3d9:region_tutor,seoul-kr-c911-b791-ad6c-kr-c591-c7ac-b3d9,양재동과외,서울,166,/tutor/seoul-kr-c911-b791-ad6c-kr-c591-c7ac-b3d9/region_tutor,HOLD_CONTENT
candidate:tutor:seoul-kr-c911-b791-ad6c-kr-c5fc-ace1-b3d9:region_tutor,seoul-kr-c911-b791-ad6c-kr-c5fc-ace1-b3d9,염곡동과외,서울,167,/tutor/seoul-kr-c911-b791-ad6c-kr-c5fc-ace1-b3d9/region_tutor,HOLD_CONTENT
candidate:tutor:seoul-kr-c911-b791-ad6c-kr-c6b0-ba74-b3d9:region_tutor,seoul-kr-c911-b791-ad6c-kr-c6b0-ba74-b3d9,우면동과외,서울,168,/tutor/seoul-kr-c911-b791-ad6c-kr-c6b0-ba74-b3d9/region_tutor,HOLD_CONTENT
candidate:tutor:seoul-kr-c911-b791-ad6c-kr-c6d0-c9c0-b3d9:region_tutor,seoul-kr-c911-b791-ad6c-kr-c6d0-c9c0-b3d9,원지동과외,서울,169,/tutor/seoul-kr-c911-b791-ad6c-kr-c6d0-c9c0-b3d9/region_tutor,HOLD_CONTENT
candidate:tutor:seoul-kr-c911-b791-ad6c-kr-c7a0-c6d0-b3d9:region_tutor,seoul-kr-c911-b791-ad6c-kr-c7a0-c6d0-b3d9,잠원동과외,서울,170,/tutor/seoul-kr-c911-b791-ad6c-kr-c7a0-c6d0-b3d9/region_tutor,HOLD_CONTENT
candidate:tutor:seoul-kr-c911-b791-ad6c-kr-ae08-d638-b3d9:region_tutor,seoul-kr-c911-b791-ad6c-kr-ae08-d638-b3d9,금호동과외,서울,171,/tutor/seoul-kr-c911-b791-ad6c-kr-ae08-d638-b3d9/region_tutor,HOLD_CONTENT
candidate:tutor:seoul-kr-c911-b791-ad6c-kr-b3c4-c120-b3d9:region_tutor,seoul-kr-c911-b791-ad6c-kr-b3c4-c120-b3d9,도선동과외,서울,172,/tutor/seoul-kr-c911-b791-ad6c-kr-b3c4-c120-b3d9/region_tutor,HOLD_CONTENT
candidate:tutor:seoul-kr-c911-b791-ad6c-kr-b9c8-c7a5-b3d9:region_tutor,seoul-kr-c911-b791-ad6c-kr-b9c8-c7a5-b3d9,마장동과외,서울,173,/tutor/seoul-kr-c911-b791-ad6c-kr-b9c8-c7a5-b3d9/region_tutor,HOLD_CONTENT
candidate:tutor:seoul-kr-c911-b791-ad6c-kr-c0ac-adfc-b3d9:region_tutor,seoul-kr-c911-b791-ad6c-kr-c0ac-adfc-b3d9,사근동과외,서울,174,/tutor/seoul-kr-c911-b791-ad6c-kr-c0ac-adfc-b3d9/region_tutor,HOLD_CONTENT
candidate:tutor:seoul-kr-c911-b791-ad6c-kr-c0c1-c655-c2ed-b9ac-b3d9:region_tutor,seoul-kr-c911-b791-ad6c-kr-c0c1-c655-c2ed-b9ac-b3d9,상왕십리동과외,서울,175,/tutor/seoul-kr-c911-b791-ad6c-kr-c0c1-c655-c2ed-b9ac-b3d9/region_tutor,HOLD_CONTENT
candidate:tutor:seoul-kr-c911-b791-ad6c-kr-c131-c218-b3d9:region_tutor,seoul-kr-c911-b791-ad6c-kr-c131-c218-b3d9,성수동과외,서울,176,/tutor/seoul-kr-c911-b791-ad6c-kr-c131-c218-b3d9/region_tutor,HOLD_CONTENT
candidate:tutor:seoul-kr-c911-b791-ad6c-kr-c1a1-c815-b3d9:region_tutor,seoul-kr-c911-b791-ad6c-kr-c1a1-c815-b3d9,송정동과외,서울,177,/tutor/seoul-kr-c911-b791-ad6c-kr-c1a1-c815-b3d9/region_tutor,HOLD_CONTENT
candidate:tutor:seoul-kr-c911-b791-ad6c-kr-c625-c218-b3d9:region_tutor,seoul-kr-c911-b791-ad6c-kr-c625-c218-b3d9,옥수동과외,서울,178,/tutor/seoul-kr-c911-b791-ad6c-kr-c625-c218-b3d9/region_tutor,HOLD_CONTENT
candidate:tutor:seoul-kr-c911-b791-ad6c-kr-c6a9-b2f5-b3d9:region_tutor,seoul-kr-c911-b791-ad6c-kr-c6a9-b2f5-b3d9,용답동과외,서울,179,/tutor/seoul-kr-c911-b791-ad6c-kr-c6a9-b2f5-b3d9/region_tutor,HOLD_CONTENT
candidate:tutor:seoul-kr-c911-b791-ad6c-kr-c751-bd09-b3d9:region_tutor,seoul-kr-c911-b791-ad6c-kr-c751-bd09-b3d9,응봉동과외,서울,180,/tutor/seoul-kr-c911-b791-ad6c-kr-c751-bd09-b3d9/region_tutor,HOLD_CONTENT
candidate:tutor:seoul-kr-c911-b791-ad6c-kr-d558-c655-c2ed-b9ac-b3d9:region_tutor,seoul-kr-c911-b791-ad6c-kr-d558-c655-c2ed-b9ac-b3d9,하왕십리동과외,서울,181,/tutor/seoul-kr-c911-b791-ad6c-kr-d558-c655-c2ed-b9ac-b3d9/region_tutor,HOLD_CONTENT
candidate:tutor:seoul-kr-c911-b791-ad6c-kr-d589-b2f9-b3d9:region_tutor,seoul-kr-c911-b791-ad6c-kr-d589-b2f9-b3d9,행당동과외,서울,182,/tutor/seoul-kr-c911-b791-ad6c-kr-d589-b2f9-b3d9/region_tutor,HOLD_CONTENT
candidate:tutor:seoul-kr-c911-b791-ad6c-kr-d64d-c775-b3d9:region_tutor,seoul-kr-c911-b791-ad6c-kr-d64d-c775-b3d9,홍익동과외,서울,183,/tutor/seoul-kr-c911-b791-ad6c-kr-d64d-c775-b3d9/region_tutor,HOLD_CONTENT
candidate:tutor:seoul-kr-c911-b791-ad6c-kr-ae38-c74c-b3d9:region_tutor,seoul-kr-c911-b791-ad6c-kr-ae38-c74c-b3d9,길음동과외,서울,184,/tutor/seoul-kr-c911-b791-ad6c-kr-ae38-c74c-b3d9/region_tutor,HOLD_CONTENT
candidate:tutor:seoul-kr-c911-b791-ad6c-kr-b3c8-c554-b3d9:region_tutor,seoul-kr-c911-b791-ad6c-kr-b3c8-c554-b3d9,돈암동과외,서울,185,/tutor/seoul-kr-c911-b791-ad6c-kr-b3c8-c554-b3d9/region_tutor,HOLD_CONTENT
candidate:tutor:seoul-kr-c911-b791-ad6c-kr-b3d9-c120-b3d9:region_tutor,seoul-kr-c911-b791-ad6c-kr-b3d9-c120-b3d9,동선동과외,서울,186,/tutor/seoul-kr-c911-b791-ad6c-kr-b3d9-c120-b3d9/region_tutor,HOLD_CONTENT
candidate:tutor:seoul-kr-c911-b791-ad6c-kr-bcf4-bb38-b3d9:region_tutor,seoul-kr-c911-b791-ad6c-kr-bcf4-bb38-b3d9,보문동과외,서울,187,/tutor/seoul-kr-c911-b791-ad6c-kr-bcf4-bb38-b3d9/region_tutor,HOLD_CONTENT
candidate:tutor:seoul-kr-c911-b791-ad6c-kr-c0bc-c120-b3d9:region_tutor,seoul-kr-c911-b791-ad6c-kr-c0bc-c120-b3d9,삼선동과외,서울,188,/tutor/seoul-kr-c911-b791-ad6c-kr-c0bc-c120-b3d9/region_tutor,HOLD_CONTENT
candidate:tutor:seoul-kr-c911-b791-ad6c-kr-c0c1-c6d4-ace1-b3d9:region_tutor,seoul-kr-c911-b791-ad6c-kr-c0c1-c6d4-ace1-b3d9,상월곡동과외,서울,189,/tutor/seoul-kr-c911-b791-ad6c-kr-c0c1-c6d4-ace1-b3d9/region_tutor,HOLD_CONTENT
candidate:tutor:seoul-kr-c911-b791-ad6c-kr-c11d-ad00-b3d9:region_tutor,seoul-kr-c911-b791-ad6c-kr-c11d-ad00-b3d9,석관동과외,서울,190,/tutor/seoul-kr-c911-b791-ad6c-kr-c11d-ad00-b3d9/region_tutor,HOLD_CONTENT
candidate:tutor:seoul-kr-c911-b791-ad6c-kr-c131-bd81-b3d9:region_tutor,seoul-kr-c911-b791-ad6c-kr-c131-bd81-b3d9,성북동과외,서울,191,/tutor/seoul-kr-c911-b791-ad6c-kr-c131-bd81-b3d9/region_tutor,HOLD_CONTENT
candidate:tutor:seoul-kr-c911-b791-ad6c-kr-c548-c554-b3d9:region_tutor,seoul-kr-c911-b791-ad6c-kr-c548-c554-b3d9,안암동과외,서울,192,/tutor/seoul-kr-c911-b791-ad6c-kr-c548-c554-b3d9/region_tutor,HOLD_CONTENT
candidate:tutor:seoul-kr-c911-b791-ad6c-kr-c7a5-c704-b3d9:region_tutor,seoul-kr-c911-b791-ad6c-kr-c7a5-c704-b3d9,장위동과외,서울,193,/tutor/seoul-kr-c911-b791-ad6c-kr-c7a5-c704-b3d9/region_tutor,HOLD_CONTENT
candidate:tutor:seoul-kr-c911-b791-ad6c-kr-c815-b989-b3d9:region_tutor,seoul-kr-c911-b791-ad6c-kr-c815-b989-b3d9,정릉동과외,서울,194,/tutor/seoul-kr-c911-b791-ad6c-kr-c815-b989-b3d9/region_tutor,HOLD_CONTENT
candidate:tutor:seoul-kr-c911-b791-ad6c-kr-c885-c554-b3d9:region_tutor,seoul-kr-c911-b791-ad6c-kr-c885-c554-b3d9,종암동과외,서울,195,/tutor/seoul-kr-c911-b791-ad6c-kr-c885-c554-b3d9/region_tutor,HOLD_CONTENT
candidate:tutor:seoul-kr-c911-b791-ad6c-kr-d558-c6d4-ace1-b3d9:region_tutor,seoul-kr-c911-b791-ad6c-kr-d558-c6d4-ace1-b3d9,하월곡동과외,서울,196,/tutor/seoul-kr-c911-b791-ad6c-kr-d558-c6d4-ace1-b3d9/region_tutor,HOLD_CONTENT
candidate:tutor:seoul-kr-c911-b791-ad6c-kr-ac00-b77d-b3d9:region_tutor,seoul-kr-c911-b791-ad6c-kr-ac00-b77d-b3d9,가락동과외,서울,197,/tutor/seoul-kr-c911-b791-ad6c-kr-ac00-b77d-b3d9/region_tutor,HOLD_CONTENT
candidate:tutor:seoul-kr-c911-b791-ad6c-kr-ac70-c5ec-b3d9:region_tutor,seoul-kr-c911-b791-ad6c-kr-ac70-c5ec-b3d9,거여동과외,서울,198,/tutor/seoul-kr-c911-b791-ad6c-kr-ac70-c5ec-b3d9/region_tutor,HOLD_CONTENT
candidate:tutor:seoul-kr-c911-b791-ad6c-kr-b9c8-cc9c-b3d9:region_tutor,seoul-kr-c911-b791-ad6c-kr-b9c8-cc9c-b3d9,마천동과외,서울,199,/tutor/seoul-kr-c911-b791-ad6c-kr-b9c8-cc9c-b3d9/region_tutor,HOLD_CONTENT
candidate:tutor:seoul-kr-c911-b791-ad6c-kr-bb38-c815-b3d9:region_tutor,seoul-kr-c911-b791-ad6c-kr-bb38-c815-b3d9,문정동과외,서울,200,/tutor/seoul-kr-c911-b791-ad6c-kr-bb38-c815-b3d9/region_tutor,HOLD_CONTENT
candidate:tutor:seoul-kr-c911-b791-ad6c-kr-bc29-c774-b3d9:region_tutor,seoul-kr-c911-b791-ad6c-kr-bc29-c774-b3d9,방이동과외,서울,201,/tutor/seoul-kr-c911-b791-ad6c-kr-bc29-c774-b3d9/region_tutor,HOLD_CONTENT
candidate:tutor:seoul-kr-c911-b791-ad6c-kr-c0bc-c804-b3d9:region_tutor,seoul-kr-c911-b791-ad6c-kr-c0bc-c804-b3d9,삼전동과외,서울,202,/tutor/seoul-kr-c911-b791-ad6c-kr-c0bc-c804-b3d9/region_tutor,HOLD_CONTENT
candidate:tutor:seoul-kr-c911-b791-ad6c-kr-c11d-cd0c-b3d9:region_tutor,seoul-kr-c911-b791-ad6c-kr-c11d-cd0c-b3d9,석촌동과외,서울,203,/tutor/seoul-kr-c911-b791-ad6c-kr-c11d-cd0c-b3d9/region_tutor,HOLD_CONTENT
candidate:tutor:seoul-kr-c911-b791-ad6c-kr-c1a1-d30c-b3d9:region_tutor,seoul-kr-c911-b791-ad6c-kr-c1a1-d30c-b3d9,송파동과외,서울,204,/tutor/seoul-kr-c911-b791-ad6c-kr-c1a1-d30c-b3d9/region_tutor,HOLD_CONTENT
candidate:tutor:seoul-kr-c911-b791-ad6c-kr-c2e0-cc9c-b3d9:region_tutor,seoul-kr-c911-b791-ad6c-kr-c2e0-cc9c-b3d9,신천동과외,서울,205,/tutor/seoul-kr-c911-b791-ad6c-kr-c2e0-cc9c-b3d9/region_tutor,HOLD_CONTENT
candidate:tutor:seoul-kr-c911-b791-ad6c-kr-c624-ae08-b3d9:region_tutor,seoul-kr-c911-b791-ad6c-kr-c624-ae08-b3d9,오금동과외,서울,206,/tutor/seoul-kr-c911-b791-ad6c-kr-c624-ae08-b3d9/region_tutor,HOLD_CONTENT
candidate:tutor:seoul-kr-c911-b791-ad6c-kr-c7a0-c2e4-b3d9:region_tutor,seoul-kr-c911-b791-ad6c-kr-c7a0-c2e4-b3d9,잠실동과외,서울,207,/tutor/seoul-kr-c911-b791-ad6c-kr-c7a0-c2e4-b3d9/region_tutor,HOLD_CONTENT
candidate:tutor:seoul-kr-c911-b791-ad6c-kr-c7a5-c9c0-b3d9:region_tutor,seoul-kr-c911-b791-ad6c-kr-c7a5-c9c0-b3d9,장지동과외,서울,208,/tutor/seoul-kr-c911-b791-ad6c-kr-c7a5-c9c0-b3d9/region_tutor,HOLD_CONTENT
candidate:tutor:seoul-kr-c911-b791-ad6c-kr-d48d-b0a9-b3d9:region_tutor,seoul-kr-c911-b791-ad6c-kr-d48d-b0a9-b3d9,풍납동과외,서울,209,/tutor/seoul-kr-c911-b791-ad6c-kr-d48d-b0a9-b3d9/region_tutor,HOLD_CONTENT
candidate:tutor:seoul-kr-c911-b791-ad6c-kr-c704-b840-b3d9:region_tutor,seoul-kr-c911-b791-ad6c-kr-c704-b840-b3d9,위례동과외,서울,210,/tutor/seoul-kr-c911-b791-ad6c-kr-c704-b840-b3d9/region_tutor,HOLD_CONTENT
candidate:tutor:seoul-kr-c911-b791-ad6c-kr-baa9-b3d9:region_tutor,seoul-kr-c911-b791-ad6c-kr-baa9-b3d9,양천구 목동과외,서울,211,/tutor/seoul-kr-c911-b791-ad6c-kr-baa9-b3d9/region_tutor,HOLD_CONTENT
candidate:tutor:seoul-kr-c911-b791-ad6c-kr-c2e0-c6d4-b3d9:region_tutor,seoul-kr-c911-b791-ad6c-kr-c2e0-c6d4-b3d9,신월동과외,서울,212,/tutor/seoul-kr-c911-b791-ad6c-kr-c2e0-c6d4-b3d9/region_tutor,HOLD_CONTENT
candidate:tutor:seoul-kr-c911-b791-ad6c-kr-c2e0-c815-b3d9:region_tutor,seoul-kr-c911-b791-ad6c-kr-c2e0-c815-b3d9,신정동과외,서울,213,/tutor/seoul-kr-c911-b791-ad6c-kr-c2e0-c815-b3d9/region_tutor,HOLD_CONTENT
candidate:tutor:seoul-kr-c911-b791-ad6c-kr-b2f9-c0b0-b3d9:region_tutor,seoul-kr-c911-b791-ad6c-kr-b2f9-c0b0-b3d9,당산동과외,서울,214,/tutor/seoul-kr-c911-b791-ad6c-kr-b2f9-c0b0-b3d9/region_tutor,HOLD_CONTENT
candidate:tutor:seoul-kr-c911-b791-ad6c-kr-b300-b9bc-b3d9:region_tutor,seoul-kr-c911-b791-ad6c-kr-b300-b9bc-b3d9,대림동과외,서울,215,/tutor/seoul-kr-c911-b791-ad6c-kr-b300-b9bc-b3d9/region_tutor,HOLD_CONTENT
candidate:tutor:seoul-kr-c911-b791-ad6c-kr-b3c4-b9bc-b3d9:region_tutor,seoul-kr-c911-b791-ad6c-kr-b3c4-b9bc-b3d9,도림동과외,서울,216,/tutor/seoul-kr-c911-b791-ad6c-kr-b3c4-b9bc-b3d9/region_tutor,HOLD_CONTENT
candidate:tutor:seoul-kr-c911-b791-ad6c-kr-bb38-b798-b3d9:region_tutor,seoul-kr-c911-b791-ad6c-kr-bb38-b798-b3d9,문래동과외,서울,217,/tutor/seoul-kr-c911-b791-ad6c-kr-bb38-b798-b3d9/region_tutor,HOLD_CONTENT
candidate:tutor:seoul-kr-c911-b791-ad6c-kr-c2e0-ae38-b3d9:region_tutor,seoul-kr-c911-b791-ad6c-kr-c2e0-ae38-b3d9,신길동과외,서울,218,/tutor/seoul-kr-c911-b791-ad6c-kr-c2e0-ae38-b3d9/region_tutor,HOLD_CONTENT
candidate:tutor:seoul-kr-c911-b791-ad6c-kr-c591-d3c9-b3d9:region_tutor,seoul-kr-c911-b791-ad6c-kr-c591-d3c9-b3d9,양평동과외,서울,219,/tutor/seoul-kr-c911-b791-ad6c-kr-c591-d3c9-b3d9/region_tutor,HOLD_CONTENT
candidate:tutor:seoul-kr-c911-b791-ad6c-kr-c5ec-c758-b3c4-b3d9:region_tutor,seoul-kr-c911-b791-ad6c-kr-c5ec-c758-b3c4-b3d9,여의도동과외,서울,220,/tutor/seoul-kr-c911-b791-ad6c-kr-c5ec-c758-b3c4-b3d9/region_tutor,HOLD_CONTENT
candidate:tutor:seoul-kr-c911-b791-ad6c-kr-c601-b4f1-d3ec-b3d9:region_tutor,seoul-kr-c911-b791-ad6c-kr-c601-b4f1-d3ec-b3d9,영등포동과외,서울,221,/tutor/seoul-kr-c911-b791-ad6c-kr-c601-b4f1-d3ec-b3d9/region_tutor,HOLD_CONTENT
candidate:tutor:seoul-kr-c911-b791-ad6c-kr-ac08-c6d4-b3d9:region_tutor,seoul-kr-c911-b791-ad6c-kr-ac08-c6d4-b3d9,갈월동과외,서울,222,/tutor/seoul-kr-c911-b791-ad6c-kr-ac08-c6d4-b3d9/region_tutor,HOLD_CONTENT
candidate:tutor:seoul-kr-c911-b791-ad6c-kr-b0a8-c601-b3d9:region_tutor,seoul-kr-c911-b791-ad6c-kr-b0a8-c601-b3d9,남영동과외,서울,223,/tutor/seoul-kr-c911-b791-ad6c-kr-b0a8-c601-b3d9/region_tutor,HOLD_CONTENT
candidate:tutor:seoul-kr-c911-b791-ad6c-kr-b3c4-c6d0-b3d9:region_tutor,seoul-kr-c911-b791-ad6c-kr-b3c4-c6d0-b3d9,도원동과외,서울,224,/tutor/seoul-kr-c911-b791-ad6c-kr-b3c4-c6d0-b3d9/region_tutor,HOLD_CONTENT
candidate:tutor:seoul-kr-c911-b791-ad6c-kr-b3d9-be59-ace0-b3d9:region_tutor,seoul-kr-c911-b791-ad6c-kr-b3d9-be59-ace0-b3d9,동빙고동과외,서울,225,/tutor/seoul-kr-c911-b791-ad6c-kr-b3d9-be59-ace0-b3d9/region_tutor,HOLD_CONTENT
candidate:tutor:seoul-kr-c911-b791-ad6c-kr-b3d9-c790-b3d9:region_tutor,seoul-kr-c911-b791-ad6c-kr-b3d9-c790-b3d9,동자동과외,서울,226,/tutor/seoul-kr-c911-b791-ad6c-kr-b3d9-c790-b3d9/region_tutor,HOLD_CONTENT
candidate:tutor:seoul-kr-c911-b791-ad6c-kr-bb38-bc30-b3d9:region_tutor,seoul-kr-c911-b791-ad6c-kr-bb38-bc30-b3d9,문배동과외,서울,227,/tutor/seoul-kr-c911-b791-ad6c-kr-bb38-bc30-b3d9/region_tutor,HOLD_CONTENT
candidate:tutor:seoul-kr-c911-b791-ad6c-kr-bcf4-ad11-b3d9:region_tutor,seoul-kr-c911-b791-ad6c-kr-bcf4-ad11-b3d9,보광동과외,서울,228,/tutor/seoul-kr-c911-b791-ad6c-kr-bcf4-ad11-b3d9/region_tutor,HOLD_CONTENT
candidate:tutor:seoul-kr-c911-b791-ad6c-kr-c0b0-cc9c-b3d9:region_tutor,seoul-kr-c911-b791-ad6c-kr-c0b0-cc9c-b3d9,산천동과외,서울,229,/tutor/seoul-kr-c911-b791-ad6c-kr-c0b0-cc9c-b3d9/region_tutor,HOLD_CONTENT
candidate:tutor:seoul-kr-c911-b791-ad6c-kr-c11c-acc4-b3d9:region_tutor,seoul-kr-c911-b791-ad6c-kr-c11c-acc4-b3d9,서계동과외,서울,230,/tutor/seoul-kr-c911-b791-ad6c-kr-c11c-acc4-b3d9/region_tutor,HOLD_CONTENT
candidate:tutor:seoul-kr-c911-b791-ad6c-kr-c11c-be59-ace0-b3d9:region_tutor,seoul-kr-c911-b791-ad6c-kr-c11c-be59-ace0-b3d9,서빙고동과외,서울,231,/tutor/seoul-kr-c911-b791-ad6c-kr-c11c-be59-ace0-b3d9/region_tutor,HOLD_CONTENT
candidate:tutor:seoul-kr-c911-b791-ad6c-kr-c2e0-acc4-b3d9:region_tutor,seoul-kr-c911-b791-ad6c-kr-c2e0-acc4-b3d9,신계동과외,서울,232,/tutor/seoul-kr-c911-b791-ad6c-kr-c2e0-acc4-b3d9/region_tutor,HOLD_CONTENT
candidate:tutor:seoul-kr-c911-b791-ad6c-kr-c2e0-cc3d-b3d9:region_tutor,seoul-kr-c911-b791-ad6c-kr-c2e0-cc3d-b3d9,신창동과외,서울,233,/tutor/seoul-kr-c911-b791-ad6c-kr-c2e0-cc3d-b3d9/region_tutor,HOLD_CONTENT
candidate:tutor:seoul-kr-c911-b791-ad6c-kr-c6a9-bb38-b3d9:region_tutor,seoul-kr-c911-b791-ad6c-kr-c6a9-bb38-b3d9,용문동과외,서울,234,/tutor/seoul-kr-c911-b791-ad6c-kr-c6a9-bb38-b3d9/region_tutor,HOLD_CONTENT
candidate:tutor:seoul-kr-c911-b791-ad6c-kr-c6a9-c0b0-b3d9:region_tutor,seoul-kr-c911-b791-ad6c-kr-c6a9-c0b0-b3d9,용산동과외,서울,235,/tutor/seoul-kr-c911-b791-ad6c-kr-c6a9-c0b0-b3d9/region_tutor,HOLD_CONTENT
candidate:tutor:seoul-kr-c911-b791-ad6c-kr-c6d0-d6a8-b85c-b3d9:region_tutor,seoul-kr-c911-b791-ad6c-kr-c6d0-d6a8-b85c-b3d9,원효로동과외,서울,236,/tutor/seoul-kr-c911-b791-ad6c-kr-c6d0-d6a8-b85c-b3d9/region_tutor,HOLD_CONTENT
candidate:tutor:seoul-kr-c911-b791-ad6c-kr-c774-cd0c-b3d9:region_tutor,seoul-kr-c911-b791-ad6c-kr-c774-cd0c-b3d9,이촌동과외,서울,237,/tutor/seoul-kr-c911-b791-ad6c-kr-c774-cd0c-b3d9/region_tutor,HOLD_CONTENT
candidate:tutor:seoul-kr-c911-b791-ad6c-kr-c774-d0dc-c6d0-b3d9:region_tutor,seoul-kr-c911-b791-ad6c-kr-c774-d0dc-c6d0-b3d9,이태원동과외,서울,238,/tutor/seoul-kr-c911-b791-ad6c-kr-c774-d0dc-c6d0-b3d9/region_tutor,HOLD_CONTENT
candidate:tutor:seoul-kr-c911-b791-ad6c-kr-c8fc-c131-b3d9:region_tutor,seoul-kr-c911-b791-ad6c-kr-c8fc-c131-b3d9,주성동과외,서울,239,/tutor/seoul-kr-c911-b791-ad6c-kr-c8fc-c131-b3d9/region_tutor,HOLD_CONTENT
candidate:tutor:seoul-kr-c911-b791-ad6c-kr-ccad-c554-b3d9:region_tutor,seoul-kr-c911-b791-ad6c-kr-ccad-c554-b3d9,청암동과외,서울,240,/tutor/seoul-kr-c911-b791-ad6c-kr-ccad-c554-b3d9/region_tutor,HOLD_CONTENT
candidate:tutor:seoul-kr-c911-b791-ad6c-kr-ccad-d30c-b3d9:region_tutor,seoul-kr-c911-b791-ad6c-kr-ccad-d30c-b3d9,청파동과외,서울,241,/tutor/seoul-kr-c911-b791-ad6c-kr-ccad-d30c-b3d9/region_tutor,HOLD_CONTENT
candidate:tutor:seoul-kr-c911-b791-ad6c-kr-d55c-ac15-b85c-b3d9:region_tutor,seoul-kr-c911-b791-ad6c-kr-d55c-ac15-b85c-b3d9,한강로동과외,서울,242,/tutor/seoul-kr-c911-b791-ad6c-kr-d55c-ac15-b85c-b3d9/region_tutor,HOLD_CONTENT
candidate:tutor:seoul-kr-c911-b791-ad6c-kr-d55c-b0a8-b3d9:region_tutor,seoul-kr-c911-b791-ad6c-kr-d55c-b0a8-b3d9,한남동과외,서울,243,/tutor/seoul-kr-c911-b791-ad6c-kr-d55c-b0a8-b3d9/region_tutor,HOLD_CONTENT
candidate:tutor:seoul-kr-c911-b791-ad6c-kr-d6a8-cc3d-b3d9:region_tutor,seoul-kr-c911-b791-ad6c-kr-d6a8-cc3d-b3d9,효창동과외,서울,244,/tutor/seoul-kr-c911-b791-ad6c-kr-d6a8-cc3d-b3d9/region_tutor,HOLD_CONTENT
candidate:tutor:seoul-kr-c911-b791-ad6c-kr-d6c4-c554-b3d9:region_tutor,seoul-kr-c911-b791-ad6c-kr-d6c4-c554-b3d9,후암동과외,서울,245,/tutor/seoul-kr-c911-b791-ad6c-kr-d6c4-c554-b3d9/region_tutor,HOLD_CONTENT
candidate:tutor:seoul-kr-c911-b791-ad6c-kr-ac08-d604-b3d9:region_tutor,seoul-kr-c911-b791-ad6c-kr-ac08-d604-b3d9,갈현동과외,서울,246,/tutor/seoul-kr-c911-b791-ad6c-kr-ac08-d604-b3d9/region_tutor,HOLD_CONTENT
candidate:tutor:seoul-kr-c911-b791-ad6c-kr-ad6c-c0b0-b3d9:region_tutor,seoul-kr-c911-b791-ad6c-kr-ad6c-c0b0-b3d9,구산동과외,서울,247,/tutor/seoul-kr-c911-b791-ad6c-kr-ad6c-c0b0-b3d9/region_tutor,HOLD_CONTENT
candidate:tutor:seoul-kr-c911-b791-ad6c-kr-b179-bc88-b3d9:region_tutor,seoul-kr-c911-b791-ad6c-kr-b179-bc88-b3d9,녹번동과외,서울,248,/tutor/seoul-kr-c911-b791-ad6c-kr-b179-bc88-b3d9/region_tutor,HOLD_CONTENT
candidate:tutor:seoul-kr-c911-b791-ad6c-kr-b300-c870-b3d9:region_tutor,seoul-kr-c911-b791-ad6c-kr-b300-c870-b3d9,대조동과외,서울,249,/tutor/seoul-kr-c911-b791-ad6c-kr-b300-c870-b3d9/region_tutor,HOLD_CONTENT
candidate:tutor:seoul-kr-c911-b791-ad6c-kr-bd88-ad11-b3d9:region_tutor,seoul-kr-c911-b791-ad6c-kr-bd88-ad11-b3d9,불광동과외,서울,250,/tutor/seoul-kr-c911-b791-ad6c-kr-bd88-ad11-b3d9/region_tutor,HOLD_CONTENT
candidate:tutor:seoul-kr-c911-b791-ad6c-kr-c218-c0c9-b3d9:region_tutor,seoul-kr-c911-b791-ad6c-kr-c218-c0c9-b3d9,수색동과외,서울,251,/tutor/seoul-kr-c911-b791-ad6c-kr-c218-c0c9-b3d9/region_tutor,HOLD_CONTENT
candidate:tutor:seoul-kr-c911-b791-ad6c-kr-c5ed-cd0c-b3d9:region_tutor,seoul-kr-c911-b791-ad6c-kr-c5ed-cd0c-b3d9,역촌동과외,서울,253,/tutor/seoul-kr-c911-b791-ad6c-kr-c5ed-cd0c-b3d9/region_tutor,HOLD_CONTENT
candidate:tutor:seoul-kr-c911-b791-ad6c-kr-c751-c554-b3d9:region_tutor,seoul-kr-c911-b791-ad6c-kr-c751-c554-b3d9,응암동과외,서울,254,/tutor/seoul-kr-c911-b791-ad6c-kr-c751-c554-b3d9/region_tutor,HOLD_CONTENT
candidate:tutor:seoul-kr-c911-b791-ad6c-kr-c99d-c0b0-b3d9:region_tutor,seoul-kr-c911-b791-ad6c-kr-c99d-c0b0-b3d9,증산동과외,서울,255,/tutor/seoul-kr-c911-b791-ad6c-kr-c99d-c0b0-b3d9/region_tutor,HOLD_CONTENT
candidate:tutor:seoul-kr-c911-b791-ad6c-kr-c9c4-ad00-b3d9:region_tutor,seoul-kr-c911-b791-ad6c-kr-c9c4-ad00-b3d9,진관동과외,서울,256,/tutor/seoul-kr-c911-b791-ad6c-kr-c9c4-ad00-b3d9/region_tutor,HOLD_CONTENT
candidate:tutor:seoul-kr-c911-b791-ad6c-kr-ac00-d68c-b3d9:region_tutor,seoul-kr-c911-b791-ad6c-kr-ac00-d68c-b3d9,가회동과외,서울,257,/tutor/seoul-kr-c911-b791-ad6c-kr-ac00-d68c-b3d9/region_tutor,HOLD_CONTENT
candidate:tutor:seoul-kr-c911-b791-ad6c-kr-acac-c9c0-b3d9:region_tutor,seoul-kr-c911-b791-ad6c-kr-acac-c9c0-b3d9,견지동과외,서울,258,/tutor/seoul-kr-c911-b791-ad6c-kr-acac-c9c0-b3d9/region_tutor,HOLD_CONTENT
candidate:tutor:seoul-kr-c911-b791-ad6c-kr-acbd-c6b4-b3d9:region_tutor,seoul-kr-c911-b791-ad6c-kr-acbd-c6b4-b3d9,경운동과외,서울,259,/tutor/seoul-kr-c911-b791-ad6c-kr-acbd-c6b4-b3d9/region_tutor,HOLD_CONTENT
candidate:tutor:seoul-kr-c911-b791-ad6c-kr-acc4-b3d9:region_tutor,seoul-kr-c911-b791-ad6c-kr-acc4-b3d9,종로구 계동과외,서울,260,/tutor/seoul-kr-c911-b791-ad6c-kr-acc4-b3d9/region_tutor,HOLD_CONTENT
candidate:tutor:seoul-kr-c911-b791-ad6c-kr-acf5-d3c9-b3d9:region_tutor,seoul-kr-c911-b791-ad6c-kr-acf5-d3c9-b3d9,공평동과외,서울,261,/tutor/seoul-kr-c911-b791-ad6c-kr-acf5-d3c9-b3d9/region_tutor,HOLD_CONTENT
candidate:tutor:seoul-kr-c911-b791-ad6c-kr-ad00-c218-b3d9:region_tutor,seoul-kr-c911-b791-ad6c-kr-ad00-c218-b3d9,관수동과외,서울,262,/tutor/seoul-kr-c911-b791-ad6c-kr-ad00-c218-b3d9/region_tutor,HOLD_CONTENT
candidate:tutor:seoul-kr-c911-b791-ad6c-kr-ad00-cca0-b3d9:region_tutor,seoul-kr-c911-b791-ad6c-kr-ad00-cca0-b3d9,관철동과외,서울,263,/tutor/seoul-kr-c911-b791-ad6c-kr-ad00-cca0-b3d9/region_tutor,HOLD_CONTENT
candidate:tutor:seoul-kr-c911-b791-ad6c-kr-ad00-d6c8-b3d9:region_tutor,seoul-kr-c911-b791-ad6c-kr-ad00-d6c8-b3d9,관훈동과외,서울,264,/tutor/seoul-kr-c911-b791-ad6c-kr-ad00-d6c8-b3d9/region_tutor,HOLD_CONTENT
candidate:tutor:seoul-kr-c911-b791-ad6c-kr-ad50-b0a8-b3d9:region_tutor,seoul-kr-c911-b791-ad6c-kr-ad50-b0a8-b3d9,교남동과외,서울,265,/tutor/seoul-kr-c911-b791-ad6c-kr-ad50-b0a8-b3d9/region_tutor,HOLD_CONTENT
candidate:tutor:seoul-kr-c911-b791-ad6c-kr-ad50-bd81-b3d9:region_tutor,seoul-kr-c911-b791-ad6c-kr-ad50-bd81-b3d9,교북동과외,서울,266,/tutor/seoul-kr-c911-b791-ad6c-kr-ad50-bd81-b3d9/region_tutor,HOLD_CONTENT
candidate:tutor:seoul-kr-c911-b791-ad6c-kr-ad6c-ae30-b3d9:region_tutor,seoul-kr-c911-b791-ad6c-kr-ad6c-ae30-b3d9,구기동과외,서울,267,/tutor/seoul-kr-c911-b791-ad6c-kr-ad6c-ae30-b3d9/region_tutor,HOLD_CONTENT
candidate:tutor:seoul-kr-c911-b791-ad6c-kr-ad81-c815-b3d9:region_tutor,seoul-kr-c911-b791-ad6c-kr-ad81-c815-b3d9,궁정동과외,서울,268,/tutor/seoul-kr-c911-b791-ad6c-kr-ad81-c815-b3d9/region_tutor,HOLD_CONTENT
candidate:tutor:seoul-kr-c911-b791-ad6c-kr-ad8c-b18d-b3d9:region_tutor,seoul-kr-c911-b791-ad6c-kr-ad8c-b18d-b3d9,권농동과외,서울,269,/tutor/seoul-kr-c911-b791-ad6c-kr-ad8c-b18d-b3d9/region_tutor,HOLD_CONTENT
candidate:tutor:seoul-kr-c911-b791-ad6c-kr-b099-c6d0-b3d9:region_tutor,seoul-kr-c911-b791-ad6c-kr-b099-c6d0-b3d9,낙원동과외,서울,270,/tutor/seoul-kr-c911-b791-ad6c-kr-b099-c6d0-b3d9/region_tutor,HOLD_CONTENT
candidate:tutor:seoul-kr-c911-b791-ad6c-kr-b0b4-c218-b3d9:region_tutor,seoul-kr-c911-b791-ad6c-kr-b0b4-c218-b3d9,내수동과외,서울,271,/tutor/seoul-kr-c911-b791-ad6c-kr-b0b4-c218-b3d9/region_tutor,HOLD_CONTENT
candidate:tutor:seoul-kr-c911-b791-ad6c-kr-b0b4-c790-b3d9:region_tutor,seoul-kr-c911-b791-ad6c-kr-b0b4-c790-b3d9,내자동과외,서울,272,/tutor/seoul-kr-c911-b791-ad6c-kr-b0b4-c790-b3d9/region_tutor,HOLD_CONTENT
candidate:tutor:seoul-kr-c911-b791-ad6c-kr-b204-c0c1-b3d9:region_tutor,seoul-kr-c911-b791-ad6c-kr-b204-c0c1-b3d9,누상동과외,서울,273,/tutor/seoul-kr-c911-b791-ad6c-kr-b204-c0c1-b3d9/region_tutor,HOLD_CONTENT
candidate:tutor:seoul-kr-c911-b791-ad6c-kr-b204-d558-b3d9:region_tutor,seoul-kr-c911-b791-ad6c-kr-b204-d558-b3d9,누하동과외,서울,274,/tutor/seoul-kr-c911-b791-ad6c-kr-b204-d558-b3d9/region_tutor,HOLD_CONTENT
candidate:tutor:seoul-kr-c911-b791-ad6c-kr-b2f9-c8fc-b3d9:region_tutor,seoul-kr-c911-b791-ad6c-kr-b2f9-c8fc-b3d9,당주동과외,서울,275,/tutor/seoul-kr-c911-b791-ad6c-kr-b2f9-c8fc-b3d9/region_tutor,HOLD_CONTENT
candidate:tutor:seoul-kr-c911-b791-ad6c-kr-b3c4-b834-b3d9:region_tutor,seoul-kr-c911-b791-ad6c-kr-b3c4-b834-b3d9,도렴동과외,서울,276,/tutor/seoul-kr-c911-b791-ad6c-kr-b3c4-b834-b3d9/region_tutor,HOLD_CONTENT
candidate:tutor:seoul-kr-c911-b791-ad6c-kr-b3c8-c758-b3d9:region_tutor,seoul-kr-c911-b791-ad6c-kr-b3c8-c758-b3d9,돈의동과외,서울,277,/tutor/seoul-kr-c911-b791-ad6c-kr-b3c8-c758-b3d9/region_tutor,HOLD_CONTENT
candidate:tutor:seoul-kr-c911-b791-ad6c-kr-b3d9-c22d-b3d9:region_tutor,seoul-kr-c911-b791-ad6c-kr-b3d9-c22d-b3d9,동숭동과외,서울,278,/tutor/seoul-kr-c911-b791-ad6c-kr-b3d9-c22d-b3d9/region_tutor,HOLD_CONTENT
candidate:tutor:seoul-kr-c911-b791-ad6c-kr-ba85-b95c-b3d9:region_tutor,seoul-kr-c911-b791-ad6c-kr-ba85-b95c-b3d9,명륜동과외,서울,279,/tutor/seoul-kr-c911-b791-ad6c-kr-ba85-b95c-b3d9/region_tutor,HOLD_CONTENT
candidate:tutor:seoul-kr-c911-b791-ad6c-kr-bb34-c545-b3d9:region_tutor,seoul-kr-c911-b791-ad6c-kr-bb34-c545-b3d9,무악동과외,서울,280,/tutor/seoul-kr-c911-b791-ad6c-kr-bb34-c545-b3d9/region_tutor,HOLD_CONTENT
candidate:tutor:seoul-kr-c911-b791-ad6c-kr-bb18-b3d9:region_tutor,seoul-kr-c911-b791-ad6c-kr-bb18-b3d9,종로구 묘동과외,서울,281,/tutor/seoul-kr-c911-b791-ad6c-kr-bb18-b3d9/region_tutor,HOLD_CONTENT
candidate:tutor:seoul-kr-c911-b791-ad6c-kr-bd09-c775-b3d9:region_tutor,seoul-kr-c911-b791-ad6c-kr-bd09-c775-b3d9,봉익동과외,서울,282,/tutor/seoul-kr-c911-b791-ad6c-kr-bd09-c775-b3d9/region_tutor,HOLD_CONTENT
candidate:tutor:seoul-kr-c911-b791-ad6c-kr-bd80-c554-b3d9:region_tutor,seoul-kr-c911-b791-ad6c-kr-bd80-c554-b3d9,부암동과외,서울,283,/tutor/seoul-kr-c911-b791-ad6c-kr-bd80-c554-b3d9/region_tutor,HOLD_CONTENT
candidate:tutor:seoul-kr-c911-b791-ad6c-kr-c0ac-ac04-b3d9:region_tutor,seoul-kr-c911-b791-ad6c-kr-c0ac-ac04-b3d9,사간동과외,서울,284,/tutor/seoul-kr-c911-b791-ad6c-kr-c0ac-ac04-b3d9/region_tutor,HOLD_CONTENT
candidate:tutor:seoul-kr-c911-b791-ad6c-kr-c0ac-c9c1-b3d9:region_tutor,seoul-kr-c911-b791-ad6c-kr-c0ac-c9c1-b3d9,사직동과외,서울,285,/tutor/seoul-kr-c911-b791-ad6c-kr-c0ac-c9c1-b3d9/region_tutor,HOLD_CONTENT
candidate:tutor:seoul-kr-c911-b791-ad6c-kr-c0bc-ccad-b3d9:region_tutor,seoul-kr-c911-b791-ad6c-kr-c0bc-ccad-b3d9,삼청동과외,서울,286,/tutor/seoul-kr-c911-b791-ad6c-kr-c0bc-ccad-b3d9/region_tutor,HOLD_CONTENT
candidate:tutor:seoul-kr-c911-b791-ad6c-kr-c11c-b9b0-b3d9:region_tutor,seoul-kr-c911-b791-ad6c-kr-c11c-b9b0-b3d9,서린동과외,서울,287,/tutor/seoul-kr-c911-b791-ad6c-kr-c11c-b9b0-b3d9/region_tutor,HOLD_CONTENT
candidate:tutor:seoul-kr-c911-b791-ad6c-kr-c138-c885-b85c:region_tutor,seoul-kr-c911-b791-ad6c-kr-c138-c885-b85c,세종로과외,서울,288,/tutor/seoul-kr-c911-b791-ad6c-kr-c138-c885-b85c/region_tutor,HOLD_CONTENT
candidate:tutor:seoul-kr-c911-b791-ad6c-kr-c18c-aca9-b3d9:region_tutor,seoul-kr-c911-b791-ad6c-kr-c18c-aca9-b3d9,소격동과외,서울,289,/tutor/seoul-kr-c911-b791-ad6c-kr-c18c-aca9-b3d9/region_tutor,HOLD_CONTENT
candidate:tutor:seoul-kr-c911-b791-ad6c-kr-c1a1-c6d4-b3d9:region_tutor,seoul-kr-c911-b791-ad6c-kr-c1a1-c6d4-b3d9,송월동과외,서울,290,/tutor/seoul-kr-c911-b791-ad6c-kr-c1a1-c6d4-b3d9/region_tutor,HOLD_CONTENT
candidate:tutor:seoul-kr-c911-b791-ad6c-kr-c218-c1a1-b3d9:region_tutor,seoul-kr-c911-b791-ad6c-kr-c218-c1a1-b3d9,수송동과외,서울,291,/tutor/seoul-kr-c911-b791-ad6c-kr-c218-c1a1-b3d9/region_tutor,HOLD_CONTENT
candidate:tutor:seoul-kr-c911-b791-ad6c-kr-c22d-c778-b3d9:region_tutor,seoul-kr-c911-b791-ad6c-kr-c22d-c778-b3d9,숭인동과외,서울,292,/tutor/seoul-kr-c911-b791-ad6c-kr-c22d-c778-b3d9/region_tutor,HOLD_CONTENT
candidate:tutor:seoul-kr-c911-b791-ad6c-kr-c2e0-bb38-b85c-b3d9:region_tutor,seoul-kr-c911-b791-ad6c-kr-c2e0-bb38-b85c-b3d9,신문로동과외,서울,293,/tutor/seoul-kr-c911-b791-ad6c-kr-c2e0-bb38-b85c-b3d9/region_tutor,HOLD_CONTENT
candidate:tutor:seoul-kr-c911-b791-ad6c-kr-c2e0-c601-b3d9:region_tutor,seoul-kr-c911-b791-ad6c-kr-c2e0-c601-b3d9,신영동과외,서울,294,/tutor/seoul-kr-c911-b791-ad6c-kr-c2e0-c601-b3d9/region_tutor,HOLD_CONTENT
candidate:tutor:seoul-kr-c911-b791-ad6c-kr-c548-ad6d-b3d9:region_tutor,seoul-kr-c911-b791-ad6c-kr-c548-ad6d-b3d9,안국동과외,서울,295,/tutor/seoul-kr-c911-b791-ad6c-kr-c548-ad6d-b3d9/region_tutor,HOLD_CONTENT
candidate:tutor:seoul-kr-c911-b791-ad6c-kr-c5f0-ac74-b3d9:region_tutor,seoul-kr-c911-b791-ad6c-kr-c5f0-ac74-b3d9,연건동과외,서울,296,/tutor/seoul-kr-c911-b791-ad6c-kr-c5f0-ac74-b3d9/region_tutor,HOLD_CONTENT
candidate:tutor:seoul-kr-c911-b791-ad6c-kr-c5f0-c9c0-b3d9:region_tutor,seoul-kr-c911-b791-ad6c-kr-c5f0-c9c0-b3d9,연지동과외,서울,297,/tutor/seoul-kr-c911-b791-ad6c-kr-c5f0-c9c0-b3d9/region_tutor,HOLD_CONTENT
candidate:tutor:seoul-kr-c911-b791-ad6c-kr-c608-c9c0-b3d9:region_tutor,seoul-kr-c911-b791-ad6c-kr-c608-c9c0-b3d9,예지동과외,서울,298,/tutor/seoul-kr-c911-b791-ad6c-kr-c608-c9c0-b3d9/region_tutor,HOLD_CONTENT
candidate:tutor:seoul-kr-c911-b791-ad6c-kr-c625-c778-b3d9:region_tutor,seoul-kr-c911-b791-ad6c-kr-c625-c778-b3d9,옥인동과외,서울,299,/tutor/seoul-kr-c911-b791-ad6c-kr-c625-c778-b3d9/region_tutor,HOLD_CONTENT
candidate:tutor:seoul-kr-c911-b791-ad6c-kr-c640-b8e1-b3d9:region_tutor,seoul-kr-c911-b791-ad6c-kr-c640-b8e1-b3d9,와룡동과외,서울,300,/tutor/seoul-kr-c911-b791-ad6c-kr-c640-b8e1-b3d9/region_tutor,HOLD_CONTENT
candidate:tutor:seoul-kr-c911-b791-ad6c-kr-c6b4-b2c8-b3d9:region_tutor,seoul-kr-c911-b791-ad6c-kr-c6b4-b2c8-b3d9,운니동과외,서울,301,/tutor/seoul-kr-c911-b791-ad6c-kr-c6b4-b2c8-b3d9/region_tutor,HOLD_CONTENT
candidate:tutor:seoul-kr-c911-b791-ad6c-kr-c6d0-b0a8-b3d9:region_tutor,seoul-kr-c911-b791-ad6c-kr-c6d0-b0a8-b3d9,원남동과외,서울,302,/tutor/seoul-kr-c911-b791-ad6c-kr-c6d0-b0a8-b3d9/region_tutor,HOLD_CONTENT
candidate:tutor:seoul-kr-c911-b791-ad6c-kr-c6d0-c11c-b3d9:region_tutor,seoul-kr-c911-b791-ad6c-kr-c6d0-c11c-b3d9,원서동과외,서울,303,/tutor/seoul-kr-c911-b791-ad6c-kr-c6d0-c11c-b3d9/region_tutor,HOLD_CONTENT
candidate:tutor:seoul-kr-c911-b791-ad6c-kr-c774-d654-b3d9:region_tutor,seoul-kr-c911-b791-ad6c-kr-c774-d654-b3d9,이화동과외,서울,304,/tutor/seoul-kr-c911-b791-ad6c-kr-c774-d654-b3d9/region_tutor,HOLD_CONTENT
candidate:tutor:seoul-kr-c911-b791-ad6c-kr-c775-c120-b3d9:region_tutor,seoul-kr-c911-b791-ad6c-kr-c775-c120-b3d9,익선동과외,서울,305,/tutor/seoul-kr-c911-b791-ad6c-kr-c775-c120-b3d9/region_tutor,HOLD_CONTENT
candidate:tutor:seoul-kr-c911-b791-ad6c-kr-c778-c0ac-b3d9:region_tutor,seoul-kr-c911-b791-ad6c-kr-c778-c0ac-b3d9,인사동과외,서울,306,/tutor/seoul-kr-c911-b791-ad6c-kr-c778-c0ac-b3d9/region_tutor,HOLD_CONTENT
candidate:tutor:seoul-kr-c911-b791-ad6c-kr-c778-c758-b3d9:region_tutor,seoul-kr-c911-b791-ad6c-kr-c778-c758-b3d9,인의동과외,서울,307,/tutor/seoul-kr-c911-b791-ad6c-kr-c778-c758-b3d9/region_tutor,HOLD_CONTENT
candidate:tutor:seoul-kr-c911-b791-ad6c-kr-c7a5-c0ac-b3d9:region_tutor,seoul-kr-c911-b791-ad6c-kr-c7a5-c0ac-b3d9,장사동과외,서울,308,/tutor/seoul-kr-c911-b791-ad6c-kr-c7a5-c0ac-b3d9/region_tutor,HOLD_CONTENT
candidate:tutor:seoul-kr-c911-b791-ad6c-kr-c7ac-b3d9:region_tutor,seoul-kr-c911-b791-ad6c-kr-c7ac-b3d9,종로구 재동과외,서울,309,/tutor/seoul-kr-c911-b791-ad6c-kr-c7ac-b3d9/region_tutor,HOLD_CONTENT
candidate:tutor:seoul-kr-c911-b791-ad6c-kr-c801-c120-b3d9:region_tutor,seoul-kr-c911-b791-ad6c-kr-c801-c120-b3d9,적선동과외,서울,310,/tutor/seoul-kr-c911-b791-ad6c-kr-c801-c120-b3d9/region_tutor,HOLD_CONTENT
candidate:tutor:seoul-kr-c911-b791-ad6c-kr-c885-b85c-b3d9:region_tutor,seoul-kr-c911-b791-ad6c-kr-c885-b85c-b3d9,종로동과외,서울,311,/tutor/seoul-kr-c911-b791-ad6c-kr-c885-b85c-b3d9/region_tutor,HOLD_CONTENT
candidate:tutor:seoul-kr-c911-b791-ad6c-kr-c911-d559-b3d9:region_tutor,seoul-kr-c911-b791-ad6c-kr-c911-d559-b3d9,중학동과외,서울,312,/tutor/seoul-kr-c911-b791-ad6c-kr-c911-d559-b3d9/region_tutor,HOLD_CONTENT
candidate:tutor:seoul-kr-c911-b791-ad6c-kr-cc3d-c131-b3d9:region_tutor,seoul-kr-c911-b791-ad6c-kr-cc3d-c131-b3d9,창성동과외,서울,313,/tutor/seoul-kr-c911-b791-ad6c-kr-cc3d-c131-b3d9/region_tutor,HOLD_CONTENT
candidate:tutor:seoul-kr-c911-b791-ad6c-kr-cc3d-c2e0-b3d9:region_tutor,seoul-kr-c911-b791-ad6c-kr-cc3d-c2e0-b3d9,창신동과외,서울,314,/tutor/seoul-kr-c911-b791-ad6c-kr-cc3d-c2e0-b3d9/region_tutor,HOLD_CONTENT
candidate:tutor:seoul-kr-c911-b791-ad6c-kr-ccad-c6b4-b3d9:region_tutor,seoul-kr-c911-b791-ad6c-kr-ccad-c6b4-b3d9,청운동과외,서울,315,/tutor/seoul-kr-c911-b791-ad6c-kr-ccad-c6b4-b3d9/region_tutor,HOLD_CONTENT
candidate:tutor:seoul-kr-c911-b791-ad6c-kr-ccad-c9c4-b3d9:region_tutor,seoul-kr-c911-b791-ad6c-kr-ccad-c9c4-b3d9,청진동과외,서울,316,/tutor/seoul-kr-c911-b791-ad6c-kr-ccad-c9c4-b3d9/region_tutor,HOLD_CONTENT
candidate:tutor:seoul-kr-c911-b791-ad6c-kr-ccb4-bd80-b3d9:region_tutor,seoul-kr-c911-b791-ad6c-kr-ccb4-bd80-b3d9,체부동과외,서울,317,/tutor/seoul-kr-c911-b791-ad6c-kr-ccb4-bd80-b3d9/region_tutor,HOLD_CONTENT
candidate:tutor:seoul-kr-c911-b791-ad6c-kr-cda9-c2e0-b3d9:region_tutor,seoul-kr-c911-b791-ad6c-kr-cda9-c2e0-b3d9,충신동과외,서울,318,/tutor/seoul-kr-c911-b791-ad6c-kr-cda9-c2e0-b3d9/region_tutor,HOLD_CONTENT
candidate:tutor:seoul-kr-c911-b791-ad6c-kr-d1b5-c758-b3d9:region_tutor,seoul-kr-c911-b791-ad6c-kr-d1b5-c758-b3d9,통의동과외,서울,319,/tutor/seoul-kr-c911-b791-ad6c-kr-d1b5-c758-b3d9/region_tutor,HOLD_CONTENT
candidate:tutor:seoul-kr-c911-b791-ad6c-kr-d1b5-c778-b3d9:region_tutor,seoul-kr-c911-b791-ad6c-kr-d1b5-c778-b3d9,통인동과외,서울,320,/tutor/seoul-kr-c911-b791-ad6c-kr-d1b5-c778-b3d9/region_tutor,HOLD_CONTENT
candidate:tutor:seoul-kr-c911-b791-ad6c-kr-d314-d310-b3d9:region_tutor,seoul-kr-c911-b791-ad6c-kr-d314-d310-b3d9,팔판동과외,서울,321,/tutor/seoul-kr-c911-b791-ad6c-kr-d314-d310-b3d9/region_tutor,HOLD_CONTENT
candidate:tutor:seoul-kr-c911-b791-ad6c-kr-d3c9-b3d9:region_tutor,seoul-kr-c911-b791-ad6c-kr-d3c9-b3d9,종로구 평동과외,서울,322,/tutor/seoul-kr-c911-b791-ad6c-kr-d3c9-b3d9/region_tutor,HOLD_CONTENT
candidate:tutor:seoul-kr-c911-b791-ad6c-kr-d3c9-cc3d-b3d9:region_tutor,seoul-kr-c911-b791-ad6c-kr-d3c9-cc3d-b3d9,평창동과외,서울,323,/tutor/seoul-kr-c911-b791-ad6c-kr-d3c9-cc3d-b3d9/region_tutor,HOLD_CONTENT
candidate:tutor:seoul-kr-c911-b791-ad6c-kr-d544-c6b4-b3d9:region_tutor,seoul-kr-c911-b791-ad6c-kr-d544-c6b4-b3d9,필운동과외,서울,324,/tutor/seoul-kr-c911-b791-ad6c-kr-d544-c6b4-b3d9/region_tutor,HOLD_CONTENT
candidate:tutor:seoul-kr-c911-b791-ad6c-kr-d589-cd0c-b3d9:region_tutor,seoul-kr-c911-b791-ad6c-kr-d589-cd0c-b3d9,행촌동과외,서울,325,/tutor/seoul-kr-c911-b791-ad6c-kr-d589-cd0c-b3d9/region_tutor,HOLD_CONTENT
candidate:tutor:seoul-kr-c911-b791-ad6c-kr-d61c-d654-b3d9:region_tutor,seoul-kr-c911-b791-ad6c-kr-d61c-d654-b3d9,혜화동과외,서울,326,/tutor/seoul-kr-c911-b791-ad6c-kr-d61c-d654-b3d9/region_tutor,HOLD_CONTENT
candidate:tutor:seoul-kr-c911-b791-ad6c-kr-d64d-c9c0-b3d9:region_tutor,seoul-kr-c911-b791-ad6c-kr-d64d-c9c0-b3d9,홍지동과외,서울,327,/tutor/seoul-kr-c911-b791-ad6c-kr-d64d-c9c0-b3d9/region_tutor,HOLD_CONTENT
candidate:tutor:seoul-kr-c911-b791-ad6c-kr-d64d-d30c-b3d9:region_tutor,seoul-kr-c911-b791-ad6c-kr-d64d-d30c-b3d9,홍파동과외,서울,328,/tutor/seoul-kr-c911-b791-ad6c-kr-d64d-d30c-b3d9/region_tutor,HOLD_CONTENT
candidate:tutor:seoul-kr-c911-b791-ad6c-kr-d654-b3d9:region_tutor,seoul-kr-c911-b791-ad6c-kr-d654-b3d9,종로구 화동과외,서울,329,/tutor/seoul-kr-c911-b791-ad6c-kr-d654-b3d9/region_tutor,HOLD_CONTENT
candidate:tutor:seoul-kr-c911-b791-ad6c-kr-d6a8-c790-b3d9:region_tutor,seoul-kr-c911-b791-ad6c-kr-d6a8-c790-b3d9,효자동과외,서울,330,/tutor/seoul-kr-c911-b791-ad6c-kr-d6a8-c790-b3d9/region_tutor,HOLD_CONTENT
candidate:tutor:seoul-kr-c911-b791-ad6c-kr-d6a8-c81c-b3d9:region_tutor,seoul-kr-c911-b791-ad6c-kr-d6a8-c81c-b3d9,효제동과외,서울,331,/tutor/seoul-kr-c911-b791-ad6c-kr-d6a8-c81c-b3d9/region_tutor,HOLD_CONTENT
candidate:tutor:seoul-kr-c911-b791-ad6c-kr-d6c8-c815-b3d9:region_tutor,seoul-kr-c911-b791-ad6c-kr-d6c8-c815-b3d9,훈정동과외,서울,332,/tutor/seoul-kr-c911-b791-ad6c-kr-d6c8-c815-b3d9/region_tutor,HOLD_CONTENT
candidate:tutor:seoul-kr-c911-b791-ad6c-kr-ad11-d76c-b3d9:region_tutor,seoul-kr-c911-b791-ad6c-kr-ad11-d76c-b3d9,광희동과외,서울,333,/tutor/seoul-kr-c911-b791-ad6c-kr-ad11-d76c-b3d9/region_tutor,HOLD_CONTENT
candidate:tutor:seoul-kr-c911-b791-ad6c-kr-b0a8-b300-bb38-b85c-b3d9:region_tutor,seoul-kr-c911-b791-ad6c-kr-b0a8-b300-bb38-b85c-b3d9,남대문로동과외,서울,334,/tutor/seoul-kr-c911-b791-ad6c-kr-b0a8-b300-bb38-b85c-b3d9/region_tutor,HOLD_CONTENT
candidate:tutor:seoul-kr-c911-b791-ad6c-kr-b0a8-c0b0-b3d9:region_tutor,seoul-kr-c911-b791-ad6c-kr-b0a8-c0b0-b3d9,남산동과외,서울,335,/tutor/seoul-kr-c911-b791-ad6c-kr-b0a8-c0b0-b3d9/region_tutor,HOLD_CONTENT
candidate:tutor:seoul-kr-c911-b791-ad6c-kr-b0a8-cc3d-b3d9:region_tutor,seoul-kr-c911-b791-ad6c-kr-b0a8-cc3d-b3d9,남창동과외,서울,336,/tutor/seoul-kr-c911-b791-ad6c-kr-b0a8-cc3d-b3d9/region_tutor,HOLD_CONTENT
candidate:tutor:seoul-kr-c911-b791-ad6c-kr-b2e4-b3d9:region_tutor,seoul-kr-c911-b791-ad6c-kr-b2e4-b3d9,중구 다동과외,서울,337,/tutor/seoul-kr-c911-b791-ad6c-kr-b2e4-b3d9/region_tutor,HOLD_CONTENT
candidate:tutor:seoul-kr-c911-b791-ad6c-kr-b9cc-b9ac-b3d9:region_tutor,seoul-kr-c911-b791-ad6c-kr-b9cc-b9ac-b3d9,만리동과외,서울,338,/tutor/seoul-kr-c911-b791-ad6c-kr-b9cc-b9ac-b3d9/region_tutor,HOLD_CONTENT
candidate:tutor:seoul-kr-c911-b791-ad6c-kr-ba85-b3d9:region_tutor,seoul-kr-c911-b791-ad6c-kr-ba85-b3d9,중구 명동과외,서울,339,/tutor/seoul-kr-c911-b791-ad6c-kr-ba85-b3d9/region_tutor,HOLD_CONTENT
candidate:tutor:seoul-kr-c911-b791-ad6c-kr-bb34-ad50-b3d9:region_tutor,seoul-kr-c911-b791-ad6c-kr-bb34-ad50-b3d9,무교동과외,서울,340,/tutor/seoul-kr-c911-b791-ad6c-kr-bb34-ad50-b3d9/region_tutor,HOLD_CONTENT
candidate:tutor:seoul-kr-c911-b791-ad6c-kr-bb35-c815-b3d9:region_tutor,seoul-kr-c911-b791-ad6c-kr-bb35-c815-b3d9,묵정동과외,서울,341,/tutor/seoul-kr-c911-b791-ad6c-kr-bb35-c815-b3d9/region_tutor,HOLD_CONTENT
candidate:tutor:seoul-kr-c911-b791-ad6c-kr-bc29-c0b0-b3d9:region_tutor,seoul-kr-c911-b791-ad6c-kr-bc29-c0b0-b3d9,방산동과외,서울,342,/tutor/seoul-kr-c911-b791-ad6c-kr-bc29-c0b0-b3d9/region_tutor,HOLD_CONTENT
candidate:tutor:seoul-kr-c911-b791-ad6c-kr-bd09-b798-b3d9:region_tutor,seoul-kr-c911-b791-ad6c-kr-bd09-b798-b3d9,봉래동과외,서울,343,/tutor/seoul-kr-c911-b791-ad6c-kr-bd09-b798-b3d9/region_tutor,HOLD_CONTENT
candidate:tutor:seoul-kr-c911-b791-ad6c-kr-bd81-cc3d-b3d9:region_tutor,seoul-kr-c911-b791-ad6c-kr-bd81-cc3d-b3d9,북창동과외,서울,344,/tutor/seoul-kr-c911-b791-ad6c-kr-bd81-cc3d-b3d9/region_tutor,HOLD_CONTENT
candidate:tutor:seoul-kr-c911-b791-ad6c-kr-c0b0-b9bc-b3d9:region_tutor,seoul-kr-c911-b791-ad6c-kr-c0b0-b9bc-b3d9,산림동과외,서울,345,/tutor/seoul-kr-c911-b791-ad6c-kr-c0b0-b9bc-b3d9/region_tutor,HOLD_CONTENT
candidate:tutor:seoul-kr-c911-b791-ad6c-kr-c11c-c18c-bb38-b3d9:region_tutor,seoul-kr-c911-b791-ad6c-kr-c11c-c18c-bb38-b3d9,서소문동과외,서울,346,/tutor/seoul-kr-c911-b791-ad6c-kr-c11c-c18c-bb38-b3d9/region_tutor,HOLD_CONTENT
candidate:tutor:seoul-kr-c911-b791-ad6c-kr-c18c-acf5-b3d9:region_tutor,seoul-kr-c911-b791-ad6c-kr-c18c-acf5-b3d9,소공동과외,서울,347,/tutor/seoul-kr-c911-b791-ad6c-kr-c18c-acf5-b3d9/region_tutor,HOLD_CONTENT
candidate:tutor:seoul-kr-c911-b791-ad6c-kr-c218-d45c-b3d9:region_tutor,seoul-kr-c911-b791-ad6c-kr-c218-d45c-b3d9,수표동과외,서울,348,/tutor/seoul-kr-c911-b791-ad6c-kr-c218-d45c-b3d9/region_tutor,HOLD_CONTENT
candidate:tutor:seoul-kr-c911-b791-ad6c-kr-c218-d558-b3d9:region_tutor,seoul-kr-c911-b791-ad6c-kr-c218-d558-b3d9,수하동과외,서울,349,/tutor/seoul-kr-c911-b791-ad6c-kr-c218-d558-b3d9/region_tutor,HOLD_CONTENT
candidate:tutor:seoul-kr-c911-b791-ad6c-kr-c21c-d654-b3d9:region_tutor,seoul-kr-c911-b791-ad6c-kr-c21c-d654-b3d9,순화동과외,서울,350,/tutor/seoul-kr-c911-b791-ad6c-kr-c21c-d654-b3d9/region_tutor,HOLD_CONTENT
candidate:tutor:seoul-kr-c911-b791-ad6c-kr-c2e0-b2f9-b3d9:region_tutor,seoul-kr-c911-b791-ad6c-kr-c2e0-b2f9-b3d9,신당동과외,서울,351,/tutor/seoul-kr-c911-b791-ad6c-kr-c2e0-b2f9-b3d9/region_tutor,HOLD_CONTENT
candidate:tutor:seoul-kr-c911-b791-ad6c-kr-c30d-b9bc-b3d9:region_tutor,seoul-kr-c911-b791-ad6c-kr-c30d-b9bc-b3d9,쌍림동과외,서울,352,/tutor/seoul-kr-c911-b791-ad6c-kr-c30d-b9bc-b3d9/region_tutor,HOLD_CONTENT
candidate:tutor:seoul-kr-c911-b791-ad6c-kr-c608-ad00-b3d9:region_tutor,seoul-kr-c911-b791-ad6c-kr-c608-ad00-b3d9,예관동과외,서울,353,/tutor/seoul-kr-c911-b791-ad6c-kr-c608-ad00-b3d9/region_tutor,HOLD_CONTENT
candidate:tutor:seoul-kr-c911-b791-ad6c-kr-c608-c7a5-b3d9:region_tutor,seoul-kr-c911-b791-ad6c-kr-c608-c7a5-b3d9,예장동과외,서울,354,/tutor/seoul-kr-c911-b791-ad6c-kr-c608-c7a5-b3d9/region_tutor,HOLD_CONTENT
candidate:tutor:seoul-kr-c911-b791-ad6c-kr-c624-c7a5-b3d9:region_tutor,seoul-kr-c911-b791-ad6c-kr-c624-c7a5-b3d9,오장동과외,서울,355,/tutor/seoul-kr-c911-b791-ad6c-kr-c624-c7a5-b3d9/region_tutor,HOLD_CONTENT
candidate:tutor:seoul-kr-c911-b791-ad6c-kr-c744-c9c0-b85c-b3d9:region_tutor,seoul-kr-c911-b791-ad6c-kr-c744-c9c0-b85c-b3d9,을지로동과외,서울,356,/tutor/seoul-kr-c911-b791-ad6c-kr-c744-c9c0-b85c-b3d9/region_tutor,HOLD_CONTENT
candidate:tutor:seoul-kr-c911-b791-ad6c-kr-c758-c8fc-b85c-b3d9:region_tutor,seoul-kr-c911-b791-ad6c-kr-c758-c8fc-b85c-b3d9,의주로동과외,서울,357,/tutor/seoul-kr-c911-b791-ad6c-kr-c758-c8fc-b85c-b3d9/region_tutor,HOLD_CONTENT
candidate:tutor:seoul-kr-c911-b791-ad6c-kr-c778-d604-b3d9:region_tutor,seoul-kr-c911-b791-ad6c-kr-c778-d604-b3d9,인현동과외,서울,358,/tutor/seoul-kr-c911-b791-ad6c-kr-c778-d604-b3d9/region_tutor,HOLD_CONTENT
candidate:tutor:seoul-kr-c911-b791-ad6c-kr-c785-c815-b3d9:region_tutor,seoul-kr-c911-b791-ad6c-kr-c785-c815-b3d9,입정동과외,서울,359,/tutor/seoul-kr-c911-b791-ad6c-kr-c785-c815-b3d9/region_tutor,HOLD_CONTENT
candidate:tutor:seoul-kr-c911-b791-ad6c-kr-c7a5-ad50-b3d9:region_tutor,seoul-kr-c911-b791-ad6c-kr-c7a5-ad50-b3d9,장교동과외,서울,360,/tutor/seoul-kr-c911-b791-ad6c-kr-c7a5-ad50-b3d9/region_tutor,HOLD_CONTENT
candidate:tutor:seoul-kr-c911-b791-ad6c-kr-c7a5-cda9-b3d9:region_tutor,seoul-kr-c911-b791-ad6c-kr-c7a5-cda9-b3d9,장충동과외,서울,361,/tutor/seoul-kr-c911-b791-ad6c-kr-c7a5-cda9-b3d9/region_tutor,HOLD_CONTENT
candidate:tutor:seoul-kr-c911-b791-ad6c-kr-c800-b3d9:region_tutor,seoul-kr-c911-b791-ad6c-kr-c800-b3d9,중구 저동과외,서울,362,/tutor/seoul-kr-c911-b791-ad6c-kr-c800-b3d9/region_tutor,HOLD_CONTENT
candidate:tutor:seoul-kr-c911-b791-ad6c-kr-c815-b3d9:region_tutor,seoul-kr-c911-b791-ad6c-kr-c815-b3d9,중구 정동과외,서울,363,/tutor/seoul-kr-c911-b791-ad6c-kr-c815-b3d9/region_tutor,HOLD_CONTENT
candidate:tutor:seoul-kr-c911-b791-ad6c-kr-c8fc-ad50-b3d9:region_tutor,seoul-kr-c911-b791-ad6c-kr-c8fc-ad50-b3d9,주교동과외,서울,364,/tutor/seoul-kr-c911-b791-ad6c-kr-c8fc-ad50-b3d9/region_tutor,HOLD_CONTENT
candidate:tutor:seoul-kr-c911-b791-ad6c-kr-c8fc-c790-b3d9:region_tutor,seoul-kr-c911-b791-ad6c-kr-c8fc-c790-b3d9,주자동과외,서울,365,/tutor/seoul-kr-c911-b791-ad6c-kr-c8fc-c790-b3d9/region_tutor,HOLD_CONTENT
candidate:tutor:seoul-kr-c911-b791-ad6c-kr-c911-b9bc-b3d9:region_tutor,seoul-kr-c911-b791-ad6c-kr-c911-b9bc-b3d9,중림동과외,서울,366,/tutor/seoul-kr-c911-b791-ad6c-kr-c911-b9bc-b3d9/region_tutor,HOLD_CONTENT
candidate:tutor:seoul-kr-c911-b791-ad6c-kr-cd08-b3d9:region_tutor,seoul-kr-c911-b791-ad6c-kr-cd08-b3d9,중구 초동과외,서울,367,/tutor/seoul-kr-c911-b791-ad6c-kr-cd08-b3d9/region_tutor,HOLD_CONTENT
candidate:tutor:seoul-kr-c911-b791-ad6c-kr-cda9-bb34-b85c-b3d9:region_tutor,seoul-kr-c911-b791-ad6c-kr-cda9-bb34-b85c-b3d9,충무로동과외,서울,368,/tutor/seoul-kr-c911-b791-ad6c-kr-cda9-bb34-b85c-b3d9/region_tutor,HOLD_CONTENT
candidate:tutor:seoul-kr-c911-b791-ad6c-kr-d0dc-d3c9-b85c-b3d9:region_tutor,seoul-kr-c911-b791-ad6c-kr-d0dc-d3c9-b85c-b3d9,태평로동과외,서울,369,/tutor/seoul-kr-c911-b791-ad6c-kr-d0dc-d3c9-b85c-b3d9/region_tutor,HOLD_CONTENT
candidate:tutor:seoul-kr-c911-b791-ad6c-kr-d544-b3d9:region_tutor,seoul-kr-c911-b791-ad6c-kr-d544-b3d9,중구 필동과외,서울,370,/tutor/seoul-kr-c911-b791-ad6c-kr-d544-b3d9/region_tutor,HOLD_CONTENT
candidate:tutor:seoul-kr-c911-b791-ad6c-kr-d669-d559-b3d9:region_tutor,seoul-kr-c911-b791-ad6c-kr-d669-d559-b3d9,황학동과외,서울,371,/tutor/seoul-kr-c911-b791-ad6c-kr-d669-d559-b3d9/region_tutor,HOLD_CONTENT
candidate:tutor:seoul-kr-c911-b791-ad6c-kr-d68c-d604-b3d9:region_tutor,seoul-kr-c911-b791-ad6c-kr-d68c-d604-b3d9,회현동과외,서울,372,/tutor/seoul-kr-c911-b791-ad6c-kr-d68c-d604-b3d9/region_tutor,HOLD_CONTENT
candidate:tutor:seoul-kr-c911-b791-ad6c-kr-b9dd-c6b0-b3d9:region_tutor,seoul-kr-c911-b791-ad6c-kr-b9dd-c6b0-b3d9,망우동과외,서울,373,/tutor/seoul-kr-c911-b791-ad6c-kr-b9dd-c6b0-b3d9/region_tutor,HOLD_CONTENT
candidate:tutor:seoul-kr-c911-b791-ad6c-kr-ba74-baa9-b3d9:region_tutor,seoul-kr-c911-b791-ad6c-kr-ba74-baa9-b3d9,면목동과외,서울,374,/tutor/seoul-kr-c911-b791-ad6c-kr-ba74-baa9-b3d9/region_tutor,HOLD_CONTENT
candidate:tutor:seoul-kr-c911-b791-ad6c-kr-bb35-b3d9:region_tutor,seoul-kr-c911-b791-ad6c-kr-bb35-b3d9,중랑구 묵동과외,서울,375,/tutor/seoul-kr-c911-b791-ad6c-kr-bb35-b3d9/region_tutor,HOLD_CONTENT
candidate:tutor:seoul-kr-c911-b791-ad6c-kr-c0c1-bd09-b3d9:region_tutor,seoul-kr-c911-b791-ad6c-kr-c0c1-bd09-b3d9,상봉동과외,서울,376,/tutor/seoul-kr-c911-b791-ad6c-kr-c0c1-bd09-b3d9/region_tutor,HOLD_CONTENT
candidate:tutor:seoul-kr-c911-b791-ad6c-kr-c2e0-b0b4-b3d9:region_tutor,seoul-kr-c911-b791-ad6c-kr-c2e0-b0b4-b3d9,신내동과외,서울,377,/tutor/seoul-kr-c911-b791-ad6c-kr-c2e0-b0b4-b3d9/region_tutor,HOLD_CONTENT
candidate:tutor:seoul-kr-c911-b791-ad6c-kr-c911-d654-b3d9:region_tutor,seoul-kr-c911-b791-ad6c-kr-c911-d654-b3d9,중화동과외,서울,378,/tutor/seoul-kr-c911-b791-ad6c-kr-c911-d654-b3d9/region_tutor,HOLD_CONTENT
