source_sheet,source_row,original_keyword,normalized_region_name,candidate_sido,candidate_sigungu,candidate_parent,match_method,confidence,reason,status,candidate_parents,region_id,parent_region_id
세종,3,소담동,소담동,세종특별자치시,,,no_official_candidate_within_source_sheet,low,No active legal-dong candidate matched within the source-sheet jurisdiction.,unresolved,[],kr-c138-c885-kr-c18c-b2f4-b3d9,
세종,4,보람동,보람동,세종특별자치시,,,no_official_candidate_within_source_sheet,low,No active legal-dong candidate matched within the source-sheet jurisdiction.,unresolved,[],kr-c138-c885-kr-bcf4-b78c-b3d9,
세종,6,가람동,가람동,세종특별자치시,,,no_official_candidate_within_source_sheet,low,No active legal-dong candidate matched within the source-sheet jurisdiction.,unresolved,[],kr-c138-c885-kr-ac00-b78c-b3d9,
세종,7,한솔동,한솔동,세종특별자치시,,,no_official_candidate_within_source_sheet,low,No active legal-dong candidate matched within the source-sheet jurisdiction.,unresolved,[],kr-c138-c885-kr-d55c-c194-b3d9,
세종,8,나성동,나성동,세종특별자치시,,,no_official_candidate_within_source_sheet,low,No active legal-dong candidate matched within the source-sheet jurisdiction.,unresolved,[],kr-c138-c885-kr-b098-c131-b3d9,
세종,9,새롬동,새롬동,세종특별자치시,,,no_official_candidate_within_source_sheet,low,No active legal-dong candidate matched within the source-sheet jurisdiction.,unresolved,[],kr-c138-c885-kr-c0c8-b86c-b3d9,
세종,10,다정동,다정동,세종특별자치시,,,no_official_candidate_within_source_sheet,low,No active legal-dong candidate matched within the source-sheet jurisdiction.,unresolved,[],kr-c138-c885-kr-b2e4-c815-b3d9,
세종,11,어진동,어진동,세종특별자치시,,,no_official_candidate_within_source_sheet,low,No active legal-dong candidate matched within the source-sheet jurisdiction.,unresolved,[],kr-c138-c885-kr-c5b4-c9c4-b3d9,
세종,12,종촌동,종촌동,세종특별자치시,,,no_official_candidate_within_source_sheet,low,No active legal-dong candidate matched within the source-sheet jurisdiction.,unresolved,[],kr-c138-c885-kr-c885-cd0c-b3d9,
세종,13,고운동,고운동,세종특별자치시,,,no_official_candidate_within_source_sheet,low,No active legal-dong candidate matched within the source-sheet jurisdiction.,unresolved,[],kr-c138-c885-kr-ace0-c6b4-b3d9,
세종,14,아름동,아름동,세종특별자치시,,,no_official_candidate_within_source_sheet,low,No active legal-dong candidate matched within the source-sheet jurisdiction.,unresolved,[],kr-c138-c885-kr-c544-b984-b3d9,
세종,15,도담동,도담동,세종특별자치시,,,no_official_candidate_within_source_sheet,low,No active legal-dong candidate matched within the source-sheet jurisdiction.,unresolved,[],kr-c138-c885-kr-b3c4-b2f4-b3d9,
세종,16,산울동,산울동,세종특별자치시,,,no_official_candidate_within_source_sheet,low,No active legal-dong candidate matched within the source-sheet jurisdiction.,unresolved,[],kr-c138-c885-kr-c0b0-c6b8-b3d9,
세종,17,해밀동,해밀동,세종특별자치시,,,no_official_candidate_within_source_sheet,low,No active legal-dong candidate matched within the source-sheet jurisdiction.,unresolved,[],kr-c138-c885-kr-d574-bc00-b3d9,
세종,18,집현동,집현동,세종특별자치시,,,no_official_candidate_within_source_sheet,low,No active legal-dong candidate matched within the source-sheet jurisdiction.,unresolved,[],kr-c138-c885-kr-c9d1-d604-b3d9,
세종,19,합강동,합강동,세종특별자치시,,,no_official_candidate_within_source_sheet,low,No active legal-dong candidate matched within the source-sheet jurisdiction.,unresolved,[],kr-c138-c885-kr-d569-ac15-b3d9,
세종,20,누리동,누리동,세종특별자치시,,,no_official_candidate_within_source_sheet,low,No active legal-dong candidate matched within the source-sheet jurisdiction.,unresolved,[],kr-c138-c885-kr-b204-b9ac-b3d9,
세종,21,조치원읍,조치원읍,세종특별자치시,,,no_official_candidate_within_source_sheet,low,No active legal-dong candidate matched within the source-sheet jurisdiction.,unresolved,[],kr-c138-c885-kr-c870-ce58-c6d0-c74d,
세종,22,연기면,연기면,세종특별자치시,,,no_official_candidate_within_source_sheet,low,No active legal-dong candidate matched within the source-sheet jurisdiction.,unresolved,[],kr-c138-c885-kr-c5f0-ae30-ba74,
세종,23,연동면,연동면,세종특별자치시,,,no_official_candidate_within_source_sheet,low,No active legal-dong candidate matched within the source-sheet jurisdiction.,unresolved,[],kr-c138-c885-kr-c5f0-b3d9-ba74,
세종,24,부강면,부강면,세종특별자치시,,,no_official_candidate_within_source_sheet,low,No active legal-dong candidate matched within the source-sheet jurisdiction.,unresolved,[],kr-c138-c885-kr-bd80-ac15-ba74,
세종,26,장군면,장군면,세종특별자치시,,,no_official_candidate_within_source_sheet,low,No active legal-dong candidate matched within the source-sheet jurisdiction.,unresolved,[],kr-c138-c885-kr-c7a5-ad70-ba74,
세종,27,연서면,연서면,세종특별자치시,,,no_official_candidate_within_source_sheet,low,No active legal-dong candidate matched within the source-sheet jurisdiction.,unresolved,[],kr-c138-c885-kr-c5f0-c11c-ba74,
세종,28,전의면,전의면,세종특별자치시,,,no_official_candidate_within_source_sheet,low,No active legal-dong candidate matched within the source-sheet jurisdiction.,unresolved,[],kr-c138-c885-kr-c804-c758-ba74,
세종,29,전동면,전동면,세종특별자치시,,,no_official_candidate_within_source_sheet,low,No active legal-dong candidate matched within the source-sheet jurisdiction.,unresolved,[],kr-c138-c885-kr-c804-b3d9-ba74,
세종,30,소정면,소정면,세종특별자치시,,,no_official_candidate_within_source_sheet,low,No active legal-dong candidate matched within the source-sheet jurisdiction.,unresolved,[],kr-c138-c885-kr-c18c-c815-ba74,
충북,2,청주시,청주시,충청북도,,,no_official_candidate_within_source_sheet,low,No active legal-dong candidate matched within the source-sheet jurisdiction.,unresolved,[],kr-cda9-bd81-kr-ccad-c8fc-c2dc,
충북,7,충주시,충주시,충청북도,,,no_official_candidate_within_source_sheet,low,No active legal-dong candidate matched within the source-sheet jurisdiction.,unresolved,[],kr-cda9-bd81-kr-cda9-c8fc-c2dc,
충북,8,보은군,보은군,충청북도,,,no_official_candidate_within_source_sheet,low,No active legal-dong candidate matched within the source-sheet jurisdiction.,unresolved,[],kr-cda9-bd81-kr-bcf4-c740-ad70,
충북,9,옥천군,옥천군,충청북도,,,no_official_candidate_within_source_sheet,low,No active legal-dong candidate matched within the source-sheet jurisdiction.,unresolved,[],kr-cda9-bd81-kr-c625-cc9c-ad70,
충북,10,영동군,영동군,충청북도,,,no_official_candidate_within_source_sheet,low,No active legal-dong candidate matched within the source-sheet jurisdiction.,unresolved,[],kr-cda9-bd81-kr-c601-b3d9-ad70,
충북,11,증평군,증평군,충청북도,,,no_official_candidate_within_source_sheet,low,No active legal-dong candidate matched within the source-sheet jurisdiction.,unresolved,[],kr-cda9-bd81-kr-c99d-d3c9-ad70,
충북,12,진천군,진천군,충청북도,,,no_official_candidate_within_source_sheet,low,No active legal-dong candidate matched within the source-sheet jurisdiction.,unresolved,[],kr-cda9-bd81-kr-c9c4-cc9c-ad70,
충북,13,괴산군,괴산군,충청북도,,,no_official_candidate_within_source_sheet,low,No active legal-dong candidate matched within the source-sheet jurisdiction.,unresolved,[],kr-cda9-bd81-kr-ad34-c0b0-ad70,
충북,14,음성군,음성군,충청북도,,,no_official_candidate_within_source_sheet,low,No active legal-dong candidate matched within the source-sheet jurisdiction.,unresolved,[],kr-cda9-bd81-kr-c74c-c131-ad70,
충북,15,단양군,단양군,충청북도,,,no_official_candidate_within_source_sheet,low,No active legal-dong candidate matched within the source-sheet jurisdiction.,unresolved,[],kr-cda9-bd81-kr-b2e8-c591-ad70,
충남,2,공주시,공주시,충청남도,,,no_official_candidate_within_source_sheet,low,No active legal-dong candidate matched within the source-sheet jurisdiction.,unresolved,[],kr-cda9-b0a8-kr-acf5-c8fc-c2dc,
충남,3,보령시,보령시,충청남도,,,no_official_candidate_within_source_sheet,low,No active legal-dong candidate matched within the source-sheet jurisdiction.,unresolved,[],kr-cda9-b0a8-kr-bcf4-b839-c2dc,
충남,4,아산시,아산시,충청남도,,,no_official_candidate_within_source_sheet,low,No active legal-dong candidate matched within the source-sheet jurisdiction.,unresolved,[],kr-cda9-b0a8-kr-c544-c0b0-c2dc,
충남,5,서산시,서산시,충청남도,,,no_official_candidate_within_source_sheet,low,No active legal-dong candidate matched within the source-sheet jurisdiction.,unresolved,[],kr-cda9-b0a8-kr-c11c-c0b0-c2dc,
충남,6,논산시,논산시,충청남도,,,no_official_candidate_within_source_sheet,low,No active legal-dong candidate matched within the source-sheet jurisdiction.,unresolved,[],kr-cda9-b0a8-kr-b17c-c0b0-c2dc,
충남,7,계룡시,계룡시,충청남도,,,no_official_candidate_within_source_sheet,low,No active legal-dong candidate matched within the source-sheet jurisdiction.,unresolved,[],kr-cda9-b0a8-kr-acc4-b8e1-c2dc,
충남,8,당진시,당진시,충청남도,,,no_official_candidate_within_source_sheet,low,No active legal-dong candidate matched within the source-sheet jurisdiction.,unresolved,[],kr-cda9-b0a8-kr-b2f9-c9c4-c2dc,
충남,9,금산군,금산군,충청남도,,,no_official_candidate_within_source_sheet,low,No active legal-dong candidate matched within the source-sheet jurisdiction.,unresolved,[],kr-cda9-b0a8-kr-ae08-c0b0-ad70,
충남,10,부여군,부여군,충청남도,,,no_official_candidate_within_source_sheet,low,No active legal-dong candidate matched within the source-sheet jurisdiction.,unresolved,[],kr-cda9-b0a8-kr-bd80-c5ec-ad70,
충남,11,서천군,서천군,충청남도,,,no_official_candidate_within_source_sheet,low,No active legal-dong candidate matched within the source-sheet jurisdiction.,unresolved,[],kr-cda9-b0a8-kr-c11c-cc9c-ad70,
충남,12,청양군,청양군,충청남도,,,no_official_candidate_within_source_sheet,low,No active legal-dong candidate matched within the source-sheet jurisdiction.,unresolved,[],kr-cda9-b0a8-kr-ccad-c591-ad70,
충남,13,홍성군,홍성군,충청남도,,,no_official_candidate_within_source_sheet,low,No active legal-dong candidate matched within the source-sheet jurisdiction.,unresolved,[],kr-cda9-b0a8-kr-d64d-c131-ad70,
충남,14,예산군,예산군,충청남도,,,no_official_candidate_within_source_sheet,low,No active legal-dong candidate matched within the source-sheet jurisdiction.,unresolved,[],kr-cda9-b0a8-kr-c608-c0b0-ad70,
충남,15,태안군,태안군,충청남도,,,no_official_candidate_within_source_sheet,low,No active legal-dong candidate matched within the source-sheet jurisdiction.,unresolved,[],kr-cda9-b0a8-kr-d0dc-c548-ad70,
충남,16,천안시,천안시,충청남도,,,no_official_candidate_within_source_sheet,low,No active legal-dong candidate matched within the source-sheet jurisdiction.,unresolved,[],kr-cda9-b0a8-kr-cc9c-c548-c2dc,
전북,2,전주시,전주시,전북특별자치도,,,no_official_candidate_within_source_sheet,low,No active legal-dong candidate matched within the source-sheet jurisdiction.,unresolved,[],kr-c804-bd81-kr-c804-c8fc-c2dc,
전북,5,군산시,군산시,전북특별자치도,,,no_official_candidate_within_source_sheet,low,No active legal-dong candidate matched within the source-sheet jurisdiction.,unresolved,[],kr-c804-bd81-kr-ad70-c0b0-c2dc,
전북,6,익산시,익산시,전북특별자치도,,,no_official_candidate_within_source_sheet,low,No active legal-dong candidate matched within the source-sheet jurisdiction.,unresolved,[],kr-c804-bd81-kr-c775-c0b0-c2dc,
전북,7,정읍시,정읍시,전북특별자치도,,,no_official_candidate_within_source_sheet,low,No active legal-dong candidate matched within the source-sheet jurisdiction.,unresolved,[],kr-c804-bd81-kr-c815-c74d-c2dc,
전북,8,남원시,남원시,전북특별자치도,,,no_official_candidate_within_source_sheet,low,No active legal-dong candidate matched within the source-sheet jurisdiction.,unresolved,[],kr-c804-bd81-kr-b0a8-c6d0-c2dc,
전북,9,김제시,김제시,전북특별자치도,,,no_official_candidate_within_source_sheet,low,No active legal-dong candidate matched within the source-sheet jurisdiction.,unresolved,[],kr-c804-bd81-kr-ae40-c81c-c2dc,
전북,10,완주군,완주군,전북특별자치도,,,no_official_candidate_within_source_sheet,low,No active legal-dong candidate matched within the source-sheet jurisdiction.,unresolved,[],kr-c804-bd81-kr-c644-c8fc-ad70,
전북,11,진안군,진안군,전북특별자치도,,,no_official_candidate_within_source_sheet,low,No active legal-dong candidate matched within the source-sheet jurisdiction.,unresolved,[],kr-c804-bd81-kr-c9c4-c548-ad70,
전북,12,무주군,무주군,전북특별자치도,,,no_official_candidate_within_source_sheet,low,No active legal-dong candidate matched within the source-sheet jurisdiction.,unresolved,[],kr-c804-bd81-kr-bb34-c8fc-ad70,
전북,13,장수군,장수군,전북특별자치도,,,no_official_candidate_within_source_sheet,low,No active legal-dong candidate matched within the source-sheet jurisdiction.,unresolved,[],kr-c804-bd81-kr-c7a5-c218-ad70,
전북,14,임실군,임실군,전북특별자치도,,,no_official_candidate_within_source_sheet,low,No active legal-dong candidate matched within the source-sheet jurisdiction.,unresolved,[],kr-c804-bd81-kr-c784-c2e4-ad70,
전북,15,순창군,순창군,전북특별자치도,,,no_official_candidate_within_source_sheet,low,No active legal-dong candidate matched within the source-sheet jurisdiction.,unresolved,[],kr-c804-bd81-kr-c21c-cc3d-ad70,
전북,16,고창군,고창군,전북특별자치도,,,no_official_candidate_within_source_sheet,low,No active legal-dong candidate matched within the source-sheet jurisdiction.,unresolved,[],kr-c804-bd81-kr-ace0-cc3d-ad70,
전북,17,부안군,부안군,전북특별자치도,,,no_official_candidate_within_source_sheet,low,No active legal-dong candidate matched within the source-sheet jurisdiction.,unresolved,[],kr-c804-bd81-kr-bd80-c548-ad70,
경북,4,경주시,경주시,경상북도,,,no_official_candidate_within_source_sheet,low,No active legal-dong candidate matched within the source-sheet jurisdiction.,unresolved,[],kr-acbd-bd81-kr-acbd-c8fc-c2dc,
경북,5,김천시,김천시,경상북도,,,no_official_candidate_within_source_sheet,low,No active legal-dong candidate matched within the source-sheet jurisdiction.,unresolved,[],kr-acbd-bd81-kr-ae40-cc9c-c2dc,
경북,6,안동시,안동시,경상북도,,,no_official_candidate_within_source_sheet,low,No active legal-dong candidate matched within the source-sheet jurisdiction.,unresolved,[],kr-acbd-bd81-kr-c548-b3d9-c2dc,
경북,7,구미시,구미시,경상북도,,,no_official_candidate_within_source_sheet,low,No active legal-dong candidate matched within the source-sheet jurisdiction.,unresolved,[],kr-acbd-bd81-kr-ad6c-bbf8-c2dc,
경북,8,영주시,영주시,경상북도,,,no_official_candidate_within_source_sheet,low,No active legal-dong candidate matched within the source-sheet jurisdiction.,unresolved,[],kr-acbd-bd81-kr-c601-c8fc-c2dc,
경북,9,영천시,영천시,경상북도,,,no_official_candidate_within_source_sheet,low,No active legal-dong candidate matched within the source-sheet jurisdiction.,unresolved,[],kr-acbd-bd81-kr-c601-cc9c-c2dc,
경북,10,상주시,상주시,경상북도,,,no_official_candidate_within_source_sheet,low,No active legal-dong candidate matched within the source-sheet jurisdiction.,unresolved,[],kr-acbd-bd81-kr-c0c1-c8fc-c2dc,
경북,11,문경시,문경시,경상북도,,,no_official_candidate_within_source_sheet,low,No active legal-dong candidate matched within the source-sheet jurisdiction.,unresolved,[],kr-acbd-bd81-kr-bb38-acbd-c2dc,
경북,12,경산시,경산시,경상북도,,,no_official_candidate_within_source_sheet,low,No active legal-dong candidate matched within the source-sheet jurisdiction.,unresolved,[],kr-acbd-bd81-kr-acbd-c0b0-c2dc,
경북,13,의성군,의성군,경상북도,,,no_official_candidate_within_source_sheet,low,No active legal-dong candidate matched within the source-sheet jurisdiction.,unresolved,[],kr-acbd-bd81-kr-c758-c131-ad70,
경북,14,청송군,청송군,경상북도,,,no_official_candidate_within_source_sheet,low,No active legal-dong candidate matched within the source-sheet jurisdiction.,unresolved,[],kr-acbd-bd81-kr-ccad-c1a1-ad70,
경북,15,영양군,영양군,경상북도,,,no_official_candidate_within_source_sheet,low,No active legal-dong candidate matched within the source-sheet jurisdiction.,unresolved,[],kr-acbd-bd81-kr-c601-c591-ad70,
경북,16,영덕군,영덕군,경상북도,,,no_official_candidate_within_source_sheet,low,No active legal-dong candidate matched within the source-sheet jurisdiction.,unresolved,[],kr-acbd-bd81-kr-c601-b355-ad70,
경북,17,청도군,청도군,경상북도,,,no_official_candidate_within_source_sheet,low,No active legal-dong candidate matched within the source-sheet jurisdiction.,unresolved,[],kr-acbd-bd81-kr-ccad-b3c4-ad70,
경북,18,고령군,고령군,경상북도,,,no_official_candidate_within_source_sheet,low,No active legal-dong candidate matched within the source-sheet jurisdiction.,unresolved,[],kr-acbd-bd81-kr-ace0-b839-ad70,
경북,19,성주군,성주군,경상북도,,,no_official_candidate_within_source_sheet,low,No active legal-dong candidate matched within the source-sheet jurisdiction.,unresolved,[],kr-acbd-bd81-kr-c131-c8fc-ad70,
경북,20,칠곡군,칠곡군,경상북도,,,no_official_candidate_within_source_sheet,low,No active legal-dong candidate matched within the source-sheet jurisdiction.,unresolved,[],kr-acbd-bd81-kr-ce60-ace1-ad70,
경북,21,예천군,예천군,경상북도,,,no_official_candidate_within_source_sheet,low,No active legal-dong candidate matched within the source-sheet jurisdiction.,unresolved,[],kr-acbd-bd81-kr-c608-cc9c-ad70,
경북,22,봉화군,봉화군,경상북도,,,no_official_candidate_within_source_sheet,low,No active legal-dong candidate matched within the source-sheet jurisdiction.,unresolved,[],kr-acbd-bd81-kr-bd09-d654-ad70,
경북,23,울진군,울진군,경상북도,,,no_official_candidate_within_source_sheet,low,No active legal-dong candidate matched within the source-sheet jurisdiction.,unresolved,[],kr-acbd-bd81-kr-c6b8-c9c4-ad70,
경북,24,울릉군,울릉군,경상북도,,,no_official_candidate_within_source_sheet,low,No active legal-dong candidate matched within the source-sheet jurisdiction.,unresolved,[],kr-acbd-bd81-kr-c6b8-b989-ad70,
경남,2,창원시 ,창원시,경상남도,,,no_official_candidate_within_source_sheet,low,No active legal-dong candidate matched within the source-sheet jurisdiction.,unresolved,[],kr-acbd-b0a8-kr-cc3d-c6d0-c2dc,
경남,8,진주시,진주시,경상남도,,,no_official_candidate_within_source_sheet,low,No active legal-dong candidate matched within the source-sheet jurisdiction.,unresolved,[],kr-acbd-b0a8-kr-c9c4-c8fc-c2dc,
경남,9,통영시,통영시,경상남도,,,no_official_candidate_within_source_sheet,low,No active legal-dong candidate matched within the source-sheet jurisdiction.,unresolved,[],kr-acbd-b0a8-kr-d1b5-c601-c2dc,
경남,10,사천시,사천시,경상남도,,,no_official_candidate_within_source_sheet,low,No active legal-dong candidate matched within the source-sheet jurisdiction.,unresolved,[],kr-acbd-b0a8-kr-c0ac-cc9c-c2dc,
경남,11,김해시,김해시,경상남도,,,no_official_candidate_within_source_sheet,low,No active legal-dong candidate matched within the source-sheet jurisdiction.,unresolved,[],kr-acbd-b0a8-kr-ae40-d574-c2dc,
경남,12,밀양시,밀양시,경상남도,,,no_official_candidate_within_source_sheet,low,No active legal-dong candidate matched within the source-sheet jurisdiction.,unresolved,[],kr-acbd-b0a8-kr-bc00-c591-c2dc,
경남,13,거제시,거제시,경상남도,,,no_official_candidate_within_source_sheet,low,No active legal-dong candidate matched within the source-sheet jurisdiction.,unresolved,[],kr-acbd-b0a8-kr-ac70-c81c-c2dc,
경남,14,양산시,양산시,경상남도,,,no_official_candidate_within_source_sheet,low,No active legal-dong candidate matched within the source-sheet jurisdiction.,unresolved,[],kr-acbd-b0a8-kr-c591-c0b0-c2dc,
경남,15,의령군,의령군,경상남도,,,no_official_candidate_within_source_sheet,low,No active legal-dong candidate matched within the source-sheet jurisdiction.,unresolved,[],kr-acbd-b0a8-kr-c758-b839-ad70,
경남,16,함안군,함안군,경상남도,,,no_official_candidate_within_source_sheet,low,No active legal-dong candidate matched within the source-sheet jurisdiction.,unresolved,[],kr-acbd-b0a8-kr-d568-c548-ad70,
경남,17,창녕군,창녕군,경상남도,,,no_official_candidate_within_source_sheet,low,No active legal-dong candidate matched within the source-sheet jurisdiction.,unresolved,[],kr-acbd-b0a8-kr-cc3d-b155-ad70,
경남,18,고성군,고성군,경상남도,,,no_official_candidate_within_source_sheet,low,No active legal-dong candidate matched within the source-sheet jurisdiction.,unresolved,[],kr-acbd-b0a8-kr-ace0-c131-ad70,
경남,19,남해군,남해군,경상남도,,,no_official_candidate_within_source_sheet,low,No active legal-dong candidate matched within the source-sheet jurisdiction.,unresolved,[],kr-acbd-b0a8-kr-b0a8-d574-ad70,
경남,20,하동군,하동군,경상남도,,,no_official_candidate_within_source_sheet,low,No active legal-dong candidate matched within the source-sheet jurisdiction.,unresolved,[],kr-acbd-b0a8-kr-d558-b3d9-ad70,
경남,21,산청군,산청군,경상남도,,,no_official_candidate_within_source_sheet,low,No active legal-dong candidate matched within the source-sheet jurisdiction.,unresolved,[],kr-acbd-b0a8-kr-c0b0-ccad-ad70,
경남,22,함양군,함양군,경상남도,,,no_official_candidate_within_source_sheet,low,No active legal-dong candidate matched within the source-sheet jurisdiction.,unresolved,[],kr-acbd-b0a8-kr-d568-c591-ad70,
경남,23,거창군,거창군,경상남도,,,no_official_candidate_within_source_sheet,low,No active legal-dong candidate matched within the source-sheet jurisdiction.,unresolved,[],kr-acbd-b0a8-kr-ac70-cc3d-ad70,
경남,24,합천군,합천군,경상남도,,,no_official_candidate_within_source_sheet,low,No active legal-dong candidate matched within the source-sheet jurisdiction.,unresolved,[],kr-acbd-b0a8-kr-d569-cc9c-ad70,
제주도,2,제주,제주,제주특별자치도,,,no_official_candidate_within_source_sheet,low,No active legal-dong candidate matched within the source-sheet jurisdiction.,unresolved,[],kr-c81c-c8fc-b3c4-kr-c81c-c8fc,
제주도,3,서귀포,서귀포,제주특별자치도,,,no_official_candidate_within_source_sheet,low,No active legal-dong candidate matched within the source-sheet jurisdiction.,unresolved,[],kr-c81c-c8fc-b3c4-kr-c11c-adc0-d3ec,
제주도,11,일도1동,일도1동,제주특별자치도,,,no_official_candidate_within_source_sheet,low,No active legal-dong candidate matched within the source-sheet jurisdiction.,unresolved,[],kr-c81c-c8fc-b3c4-1,
제주도,12,일도2동,일도2동,제주특별자치도,,,no_official_candidate_within_source_sheet,low,No active legal-dong candidate matched within the source-sheet jurisdiction.,unresolved,[],kr-c81c-c8fc-b3c4-2,
제주도,20,화북동,화북동,제주특별자치도,,,no_official_candidate_within_source_sheet,low,No active legal-dong candidate matched within the source-sheet jurisdiction.,unresolved,[],kr-c81c-c8fc-b3c4-kr-d654-bd81-b3d9,
제주도,21,삼양동,삼양동,제주특별자치도,,,no_official_candidate_within_source_sheet,low,No active legal-dong candidate matched within the source-sheet jurisdiction.,unresolved,[],kr-c81c-c8fc-b3c4-kr-c0bc-c591-b3d9,
제주도,23,아라동,아라동,제주특별자치도,,,no_official_candidate_within_source_sheet,low,No active legal-dong candidate matched within the source-sheet jurisdiction.,unresolved,[],kr-c81c-c8fc-b3c4-kr-c544-b77c-b3d9,
제주도,24,오라동,오라동,제주특별자치도,,,no_official_candidate_within_source_sheet,low,No active legal-dong candidate matched within the source-sheet jurisdiction.,unresolved,[],kr-c81c-c8fc-b3c4-kr-c624-b77c-b3d9,
제주도,27,외도동,외도동,제주특별자치도,,,no_official_candidate_within_source_sheet,low,No active legal-dong candidate matched within the source-sheet jurisdiction.,unresolved,[],kr-c81c-c8fc-b3c4-kr-c678-b3c4-b3d9,
제주도,28,이호동,이호동,제주특별자치도,,,no_official_candidate_within_source_sheet,low,No active legal-dong candidate matched within the source-sheet jurisdiction.,unresolved,[],kr-c81c-c8fc-b3c4-kr-c774-d638-b3d9,
제주도,29,도두동,도두동,제주특별자치도,,,no_official_candidate_within_source_sheet,low,No active legal-dong candidate matched within the source-sheet jurisdiction.,unresolved,[],kr-c81c-c8fc-b3c4-kr-b3c4-b450-b3d9,
제주도,36,정방동,정방동,제주특별자치도,,,no_official_candidate_within_source_sheet,low,No active legal-dong candidate matched within the source-sheet jurisdiction.,unresolved,[],kr-c81c-c8fc-b3c4-kr-c815-bc29-b3d9,
제주도,38,천지동,천지동,제주특별자치도,,,no_official_candidate_within_source_sheet,low,No active legal-dong candidate matched within the source-sheet jurisdiction.,unresolved,[],kr-c81c-c8fc-b3c4-kr-cc9c-c9c0-b3d9,
제주도,39,효돈동,효돈동,제주특별자치도,,,no_official_candidate_within_source_sheet,low,No active legal-dong candidate matched within the source-sheet jurisdiction.,unresolved,[],kr-c81c-c8fc-b3c4-kr-d6a8-b3c8-b3d9,
제주도,43,대륜동,대륜동,제주특별자치도,,,no_official_candidate_within_source_sheet,low,No active legal-dong candidate matched within the source-sheet jurisdiction.,unresolved,[],kr-c81c-c8fc-b3c4-kr-b300-b95c-b3d9,
제주도,46,예래동,예래동,제주특별자치도,,,no_official_candidate_within_source_sheet,low,No active legal-dong candidate matched within the source-sheet jurisdiction.,unresolved,[],kr-c81c-c8fc-b3c4-kr-c608-b798-b3d9,
