normalized_school_name,school_level,reference_count,region_count,sigungu_count,sido_count,classification,confidence,source_region_statuses
함지고등학교,high_school,10,1,1,1,manual_review,low,normal
학남고등학교,high_school,6,1,1,1,manual_review,low,normal
영진고등학교,high_school,10,1,1,1,manual_review,low,normal
칠성고등학교,high_school,4,1,1,1,manual_review,low,normal
경상여자고등학교,high_school,6,1,1,1,manual_review,low,normal
영송여자고등학교,high_school,9,1,1,1,manual_review,low,normal
대구고등학교,high_school,9,1,1,1,manual_review,low,normal
도원고등학교,high_school,8,1,1,1,manual_review,low,normal
상인고등학교,high_school,11,1,1,1,manual_review,low,normal
경화여자고등학교,high_school,6,1,1,1,manual_review,low,normal
송현여자고등학교,high_school,6,1,1,1,manual_review,low,normal
대구외국어고등학교,high_school,8,1,1,1,manual_review,low,normal
효성여자고등학교,high_school,12,1,1,1,manual_review,low,normal
와룡고등학교,high_school,8,1,1,1,manual_review,low,normal
대원고등학교,high_school,10,1,1,1,manual_review,low,normal
대구동부고등학교,high_school,8,1,1,1,manual_review,low,normal
영신고등학교,high_school,5,1,1,1,manual_review,low,normal
대구제일고등학교,high_school,7,1,1,1,manual_review,low,normal
대구서부고등학교,high_school,9,1,1,1,manual_review,low,normal
대구혜화여자고등학교,high_school,13,1,1,1,manual_review,low,normal
경신고등학교,high_school,11,1,1,1,manual_review,low,normal
대구중앙고등학교,high_school,7,1,1,1,manual_review,low,normal
시지고등학교,high_school,5,1,1,1,manual_review,low,normal
수성고등학교,high_school,8,1,1,1,manual_review,low,normal
경북고등학교,high_school,4,1,1,1,manual_review,low,normal
경북여자고등학교,high_school,4,1,1,1,manual_review,low,normal
경북대학교사범대학부설고등학교,high_school,7,1,1,1,manual_review,low,normal
브니엘여자고등학교,high_school,12,1,1,1,manual_review,low,normal
금정여자고등학교,high_school,5,1,1,1,manual_review,low,normal
부산중앙고등학교,high_school,12,1,1,1,manual_review,low,normal
충렬고등학교,high_school,14,1,1,1,manual_review,low,normal
부산동고등학교,high_school,11,1,1,1,manual_review,low,normal
경혜여자고등학교,high_school,13,1,1,1,manual_review,low,normal
금명여자고등학교,high_school,12,1,1,1,manual_review,low,normal
사상고등학교,high_school,7,1,1,1,manual_review,low,normal
부산남일고등학교,high_school,5,1,1,1,manual_review,low,normal
신도고등학교,high_school,13,1,1,1,manual_review,low,normal
대전만년고등학교,high_school,4,1,1,1,manual_review,low,normal
대전예술고등학교,high_school,4,1,1,1,manual_review,low,normal
대전반석고등학교,high_school,7,1,1,1,manual_review,low,normal
대전동산고등학교,high_school,10,1,1,1,manual_review,low,normal
정광고등학교,high_school,4,1,1,1,manual_review,low,normal
비아고등학교,high_school,11,1,1,1,manual_review,low,normal
명진고등학교,high_school,6,1,1,1,manual_review,low,normal
설월여자고등학교,high_school,3,1,1,1,manual_review,low,normal
동아여자고등학교,high_school,10,1,1,1,manual_review,low,normal
고려고등학교,high_school,4,1,1,1,manual_review,low,normal
전남대학교사범대학부설고등학교,high_school,6,1,1,1,manual_review,low,normal
광주동신고등학교,high_school,5,1,1,1,manual_review,low,normal
상무고등학교,high_school,10,1,1,1,manual_review,low,normal
전주여자고등학교,high_school,15,1,1,1,manual_review,low,normal
유일여자고등학교,high_school,10,1,1,1,manual_review,low,normal
전북대학교사범대학부설고등학교,high_school,11,1,1,1,manual_review,low,normal
전라고등학교,high_school,5,1,1,1,manual_review,low,normal
양현고등학교,high_school,11,1,1,1,manual_review,low,normal
완산고등학교,high_school,6,1,1,1,manual_review,low,normal
전주근영여자고등학교,high_school,8,1,1,1,manual_review,low,normal
동암고등학교,high_school,11,1,1,1,manual_review,low,normal
북원여자고등학교,high_school,6,1,1,1,manual_review,low,normal
원주삼육고등학교,high_school,8,1,1,1,manual_review,low,normal
원주여자고등학교,high_school,6,1,1,1,manual_review,low,normal
진광고등학교,high_school,3,1,1,1,manual_review,low,normal
강원고등학교,high_school,7,1,1,1,manual_review,low,normal
춘천고등학교,high_school,11,1,1,1,manual_review,low,normal
강원대학교사범대학부설고등학교,high_school,8,1,1,1,manual_review,low,normal
인천진산과학고등학교,high_school,15,1,1,1,manual_review,low,normal
인천남고등학교,high_school,13,1,1,1,manual_review,low,normal
인천송천고등학교,high_school,15,1,1,1,manual_review,low,normal
선인고등학교,high_school,8,1,1,1,manual_review,low,normal
인천고등학교,high_school,7,1,1,1,manual_review,low,normal
학익고등학교,high_school,10,1,1,1,manual_review,low,normal
부개여자고등학교,high_school,14,1,1,1,manual_review,low,normal
세일고등학교,high_school,14,1,1,1,manual_review,low,normal
가림고등학교,high_school,11,1,1,1,manual_review,low,normal
인천아라고등학교,high_school,8,1,1,1,manual_review,low,normal
가정고등학교,high_school,7,1,1,1,manual_review,low,normal
인천해원고등학교,high_school,11,1,1,1,manual_review,low,normal
연수여자고등학교,high_school,10,1,1,1,manual_review,low,normal
박문여자고등학교,high_school,15,1,1,1,manual_review,low,normal
인천공항고등학교,high_school,10,1,1,1,manual_review,low,normal
천안불당고등학교,high_school,15,1,1,1,manual_review,low,normal
천안청수고등학교,high_school,7,1,1,1,manual_review,low,normal
천안두정고등학교,high_school,8,1,1,1,manual_review,low,normal
천안쌍용고등학교,high_school,8,1,1,1,manual_review,low,normal
천안오성고등학교,high_school,4,1,1,1,manual_review,low,normal
청석고등학교,high_school,11,1,1,1,manual_review,low,normal
일신여자고등학교,high_school,7,1,1,1,manual_review,low,normal
충북대학교사범대학부설고등학교,high_school,12,1,1,1,manual_review,low,normal
충남중학교,middle_school,2,1,1,1,manual_review,low,normal
동신중학교,middle_school,3,1,1,1,manual_review,low,normal
대전용운중학교,middle_school,3,1,1,1,manual_review,low,normal
우송고등학교,high_school,5,1,1,1,manual_review,low,normal
대전은어송중학교,middle_school,2,1,1,1,manual_review,low,normal
대전여자상업고등학교,high_school,3,1,1,1,manual_review,low,normal
동명중학교,middle_school,2,1,1,1,manual_review,low,normal
대전신일여자고등학교,high_school,7,1,1,1,manual_review,low,normal
호수돈여자고등학교,high_school,3,1,1,1,manual_review,low,normal
대전태평중학교,middle_school,5,1,1,1,manual_review,low,normal
대전국제통상고등학교,high_school,12,1,1,1,manual_review,low,normal
대전봉산중학교,middle_school,5,1,1,1,manual_review,low,normal
가수원중학교,middle_school,2,1,1,1,manual_review,low,normal
대전도안중학교,middle_school,4,1,1,1,manual_review,low,normal
대전도시과학고등학교,high_school,3,1,1,1,manual_review,low,normal
대전봉명중학교,middle_school,2,1,1,1,manual_review,low,normal
대전덕명중학교,middle_school,2,1,1,1,manual_review,low,normal
유성생명과학고등학교,high_school,6,1,1,1,manual_review,low,normal
대전장대중학교,middle_school,3,1,1,1,manual_review,low,normal
대전지족고등학교,high_school,7,1,1,1,manual_review,low,normal
대전어은중학교,middle_school,2,1,1,1,manual_review,low,normal
성덕중학교,middle_school,2,1,1,1,manual_review,low,normal
대덕고등학교,high_school,3,1,1,1,manual_review,low,normal
대전하기중학교,middle_school,3,1,1,1,manual_review,low,normal
대전자운중학교,middle_school,2,1,1,1,manual_review,low,normal
대전외삼중학교,middle_school,3,1,1,1,manual_review,low,normal
대전용산고등학교,high_school,2,1,1,1,manual_review,low,normal
대전생활과학고등학교,high_school,7,1,1,1,manual_review,low,normal
대전법동중학교,middle_school,4,1,1,1,manual_review,low,normal
동대전고등학교,high_school,4,1,1,1,manual_review,low,normal
신탄중앙중학교,middle_school,2,1,1,1,manual_review,low,normal
인성여자고등학교,high_school,4,1,1,1,manual_review,low,normal
인일여자고등학교,high_school,3,1,1,1,manual_review,low,normal
인천중앙여자고등학교,high_school,3,1,1,1,manual_review,low,normal
신흥중학교,middle_school,4,1,1,1,manual_review,low,normal
인천과학고등학교,high_school,10,1,1,1,manual_review,low,normal
영종국제물류고등학교,high_school,5,1,1,1,manual_review,low,normal
용유중학교,middle_school,2,1,1,1,manual_review,low,normal
화도진중학교,middle_school,2,1,1,1,manual_review,low,normal
영화국제관광고등학교,high_school,3,1,1,1,manual_review,low,normal
재능고등학교,high_school,8,1,1,1,manual_review,low,normal
인천남중학교,middle_school,3,1,1,1,manual_review,low,normal
인하대학교사범대학부속고등학교,high_school,10,1,1,1,manual_review,low,normal
인천전자마이스터고등학교,high_school,12,1,1,1,manual_review,low,normal
인천기계공업고등학교,high_school,9,1,1,1,manual_review,low,normal
문학정보고등학교,high_school,2,1,1,1,manual_review,low,normal
선학중학교,middle_school,2,1,1,1,manual_review,low,normal
인천바이오과학고등학교,high_school,4,1,1,1,manual_review,low,normal
인천대건고등학교,high_school,13,1,1,1,manual_review,low,normal
인천정각중학교,middle_school,13,1,1,1,manual_review,low,normal
신명여자고등학교,high_school,14,1,1,1,manual_review,low,normal
인천만수고등학교,high_school,20,1,1,1,manual_review,low,normal
인천남동고등학교,high_school,21,1,1,1,manual_review,low,normal
부평고등학교,high_school,12,1,1,1,manual_review,low,normal
제일고등학교,high_school,11,1,1,1,manual_review,low,normal
인천외국어고등학교,high_school,19,1,1,1,manual_review,low,normal
부평공업고등학교,high_school,5,1,1,1,manual_review,low,normal
인천부흥고등학교,high_school,17,1,1,1,manual_review,low,normal
인천효성고등학교,high_school,10,1,1,1,manual_review,low,normal
서운고등학교,high_school,4,1,1,1,manual_review,low,normal
계양고등학교,high_school,4,1,1,1,manual_review,low,normal
인천예일고등학교,high_school,2,1,1,1,manual_review,low,normal
인천동양중학교,middle_school,2,1,1,1,manual_review,low,normal
계양중학교,middle_school,2,1,1,1,manual_review,low,normal
인천루원중학교,middle_school,4,1,1,1,manual_review,low,normal
서인천고등학교,high_school,6,1,1,1,manual_review,low,normal
인천경서초등학교,elementary_school,2,1,1,1,manual_review,low,normal
문곡고등학교,high_school,10,1,1,1,manual_review,low,normal
한국주얼리고등학교,high_school,4,1,1,1,manual_review,low,normal
불로중학교,middle_school,3,1,1,1,manual_review,low,normal
인천보건고등학교,high_school,8,1,1,1,manual_review,low,normal
인천디자인고등학교,high_school,7,1,1,1,manual_review,low,normal
인천체육고등학교,high_school,16,1,1,1,manual_review,low,normal
덕신고등학교,high_school,9,1,1,1,manual_review,low,normal
삼성초등학교,elementary_school,2,1,1,1,manual_review,low,normal
강남영상미디어고등학교,high_school,3,1,1,1,manual_review,low,normal
심도중학교,middle_school,2,1,1,1,manual_review,low,normal
산마을고등학교,high_school,4,1,1,1,manual_review,low,normal
한국글로벌셰프고등학교,high_school,2,1,1,1,manual_review,low,normal
강서중학교,middle_school,3,1,1,1,manual_review,low,normal
교동고등학교,high_school,3,1,1,1,manual_review,low,normal
승영중학교,middle_school,3,1,1,1,manual_review,low,normal
서도고등학교,high_school,3,1,1,1,manual_review,low,normal
인천공항초등학교신도분교장,elementary_school,2,1,1,1,manual_review,low,normal
백령고등학교,high_school,4,1,1,1,manual_review,low,normal
대청고등학교,high_school,4,1,1,1,manual_review,low,normal
덕적고등학교,high_school,3,1,1,1,manual_review,low,normal
인천주안남초등학교승봉분교장,elementary_school,3,1,1,1,manual_review,low,normal
인천영흥고등학교,high_school,3,1,1,1,manual_review,low,normal
연평고등학교,high_school,3,1,1,1,manual_review,low,normal
광주충장중학교,middle_school,4,1,1,1,manual_review,low,normal
조선대학교여자고등학교,high_school,5,1,1,1,manual_review,low,normal
무등중학교,middle_school,2,1,1,1,manual_review,low,normal
운림중학교,middle_school,2,1,1,1,manual_review,low,normal
유덕중학교,middle_school,3,1,1,1,manual_review,low,normal
금호중학교,middle_school,7,1,1,1,manual_review,low,normal
광주대동고등학교,high_school,2,1,1,1,manual_review,low,normal
대자중학교,middle_school,3,1,1,1,manual_review,low,normal
광주무진중학교,middle_school,3,1,1,1,manual_review,low,normal
광주석산고등학교,high_school,3,1,1,1,manual_review,low,normal
대성여자고등학교,high_school,9,1,1,1,manual_review,low,normal
문성고등학교,high_school,10,1,1,1,manual_review,low,normal
숭의과학기술고등학교,high_school,5,1,1,1,manual_review,low,normal
광주수피아여자고등학교,high_school,3,1,1,1,manual_review,low,normal
진남중학교,middle_school,2,1,1,1,manual_review,low,normal
효천중학교,middle_school,2,1,1,1,manual_review,low,normal
송원여자고등학교,high_school,6,1,1,1,manual_review,low,normal
광주효동초등학교,elementary_school,2,1,1,1,manual_review,low,normal
광주경신여자고등학교,high_school,6,1,1,1,manual_review,low,normal
서강고등학교,high_school,13,1,1,1,manual_review,low,normal
한울초등학교,elementary_school,2,1,1,1,manual_review,low,normal
전남여자상업고등학교,high_school,5,1,1,1,manual_review,low,normal
광주예술고등학교,high_school,5,1,1,1,manual_review,low,normal
문흥중학교,middle_school,6,1,1,1,manual_review,low,normal
각화중학교,middle_school,2,1,1,1,manual_review,low,normal
양산중학교,middle_school,4,1,1,1,manual_review,low,normal
지산중학교,middle_school,2,1,1,1,manual_review,low,normal
광주소프트웨어마이스터고등학교,high_school,3,1,1,1,manual_review,low,normal
도산초등학교,elementary_school,3,1,1,1,manual_review,low,normal
광주자동화설비마이스터고등학교,high_school,4,1,1,1,manual_review,low,normal
월봉중학교,middle_school,4,1,1,1,manual_review,low,normal
큰별초등학교,elementary_school,5,1,1,1,manual_review,low,normal
수완고등학교,high_school,6,1,1,1,manual_review,low,normal
장덕고등학교,high_school,8,1,1,1,manual_review,low,normal
선운중학교,middle_school,2,1,1,1,manual_review,low,normal
광일고등학교,high_school,3,1,1,1,manual_review,low,normal
수도전기공업고등학교,high_school,15,1,1,1,manual_review,low,normal
언북중학교,middle_school,3,1,1,1,manual_review,low,normal
휘문고등학교,high_school,11,1,1,1,manual_review,low,normal
은광여자고등학교,high_school,9,1,1,1,manual_review,low,normal
경기고등학교,high_school,5,1,1,1,manual_review,low,normal
서울세명초등학교,elementary_school,2,1,1,1,manual_review,low,normal
서울세종고등학교,high_school,6,1,1,1,manual_review,low,normal
숭실고등학교,high_school,9,1,1,1,manual_review,low,normal
현대고등학교,high_school,6,1,1,1,manual_review,low,normal
진선여자고등학교,high_school,5,1,1,1,manual_review,low,normal
풍문고등학교,high_school,4,1,1,1,manual_review,low,normal
강일고등학교,high_school,7,1,1,1,manual_review,low,normal
배재고등학교,high_school,10,1,1,1,manual_review,low,normal
신명중학교,middle_school,4,1,1,1,manual_review,low,normal
동북고등학교,high_school,9,1,1,1,manual_review,low,normal
명일여자고등학교,high_school,4,1,1,1,manual_review,low,normal
선사고등학교,high_school,6,1,1,1,manual_review,low,normal
솔샘고등학교,high_school,19,1,1,1,manual_review,low,normal
수송중학교,middle_school,5,1,1,1,manual_review,low,normal
혜화여자고등학교,high_school,9,1,1,1,manual_review,low,normal
동양고등학교,high_school,8,1,1,1,manual_review,low,normal
송정중학교,middle_school,3,1,1,1,manual_review,low,normal
명덕여자고등학교,high_school,15,1,1,1,manual_review,low,normal
경복비즈니스고등학교,high_school,19,1,1,1,manual_review,low,normal
공항고등학교,high_school,6,1,1,1,manual_review,low,normal
한서고등학교,high_school,12,1,1,1,manual_review,low,normal
염경중학교,middle_school,5,1,1,1,manual_review,low,normal
한광고등학교,high_school,12,1,1,1,manual_review,low,normal
영락의료과학고등학교,high_school,26,1,1,1,manual_review,low,normal
미림마이스터고등학교,high_school,28,1,1,1,manual_review,low,normal
동국대학교사범대학부속가람고등학교,high_school,5,1,1,1,manual_review,low,normal
세종초등학교,elementary_school,2,1,1,1,manual_review,low,normal
선화예술고등학교,high_school,2,1,1,1,manual_review,low,normal
자양고등학교,high_school,13,1,1,1,manual_review,low,normal
대원여자고등학교,high_school,9,1,1,1,manual_review,low,normal
건국대학교사범대학부속고등학교,high_school,4,1,1,1,manual_review,low,normal
경인중학교,middle_school,7,1,1,1,manual_review,low,normal
고척고등학교,high_school,9,1,1,1,manual_review,low,normal
구현고등학교,high_school,14,1,1,1,manual_review,low,normal
오류고등학교,high_school,7,1,1,1,manual_review,low,normal
신도림고등학교,high_school,4,1,1,1,manual_review,low,normal
덕일전자공업고등학교,high_school,5,1,1,1,manual_review,low,normal
천왕중학교,middle_school,3,1,1,1,manual_review,low,normal
유한공업고등학교,high_school,3,1,1,1,manual_review,low,normal
독산고등학교,high_school,16,1,1,1,manual_review,low,normal
동일여자고등학교,high_school,17,1,1,1,manual_review,low,normal
한국삼육고등학교,high_school,12,1,1,1,manual_review,low,normal
청원여자고등학교,high_school,32,1,1,1,manual_review,low,normal
염광고등학교,high_school,16,1,1,1,manual_review,low,normal
서라벌고등학교,high_school,24,1,1,1,manual_review,low,normal
혜성여자고등학교,high_school,9,1,1,1,manual_review,low,normal
누원고등학교,high_school,6,1,1,1,manual_review,low,normal
서울문화고등학교,high_school,9,1,1,1,manual_review,low,normal
정의여자고등학교,high_school,15,1,1,1,manual_review,low,normal
서울외국어고등학교,high_school,15,1,1,1,manual_review,low,normal
숭인중학교,middle_school,4,1,1,1,manual_review,low,normal
동국대학교사범대학부속고등학교,high_school,7,1,1,1,manual_review,low,normal
해성여자고등학교,high_school,9,1,1,1,manual_review,low,normal
서울정화고등학교,high_school,5,1,1,1,manual_review,low,normal
청량고등학교,high_school,3,1,1,1,manual_review,low,normal
경희여자고등학교,high_school,7,1,1,1,manual_review,low,normal
휘경여자고등학교,high_school,8,1,1,1,manual_review,low,normal
숭의여자고등학교,high_school,11,1,1,1,manual_review,low,normal
경문고등학교,high_school,2,1,1,1,manual_review,low,normal
서울영본초등학교,elementary_school,2,1,1,1,manual_review,low,normal
동작고등학교,high_school,10,1,1,1,manual_review,low,normal
상현중학교,middle_school,8,1,1,1,manual_review,low,normal
수도여자고등학교,high_school,5,1,1,1,manual_review,low,normal
중앙대학교사범대학부속중학교,middle_school,5,1,1,1,manual_review,low,normal
창천중학교,middle_school,2,1,1,1,manual_review,low,normal
숭문고등학교,high_school,3,1,1,1,manual_review,low,normal
서울망원초등학교,elementary_school,2,1,1,1,manual_review,low,normal
상암고등학교,high_school,5,1,1,1,manual_review,low,normal
홍익대학교사범대학부속여자고등학교,high_school,8,1,1,1,manual_review,low,normal
광성고등학교,high_school,4,1,1,1,manual_review,low,normal
한세사이버보안고등학교,high_school,4,1,1,1,manual_review,low,normal
홍익디자인고등학교,high_school,3,1,1,1,manual_review,low,normal
서울디자인고등학교,high_school,6,1,1,1,manual_review,low,normal
중암중학교,middle_school,2,1,1,1,manual_review,low,normal
연희중학교,middle_school,3,1,1,1,manual_review,low,normal
이화여자대학교사범대학부속이화금란고등학교,high_school,3,1,1,1,manual_review,low,normal
가재울고등학교,high_school,3,1,1,1,manual_review,low,normal
중앙여자고등학교,high_school,6,1,1,1,manual_review,low,normal
연북중학교,middle_school,4,1,1,1,manual_review,low,normal
동명여자중학교,middle_school,2,1,1,1,manual_review,low,normal
명지고등학교,high_school,7,1,1,1,manual_review,low,normal
인왕중학교,middle_school,5,1,1,1,manual_review,low,normal
세화여자고등학교,high_school,13,1,1,1,manual_review,low,normal
서문여자고등학교,high_school,12,1,1,1,manual_review,low,normal
양재고등학교,high_school,12,1,1,1,manual_review,low,normal
언남고등학교,high_school,4,1,1,1,manual_review,low,normal
영동중학교,middle_school,4,1,1,1,manual_review,low,normal
신동중학교,middle_school,4,1,1,1,manual_review,low,normal
마장중학교,middle_school,4,1,1,1,manual_review,low,normal
한양대학교사범대학부속고등학교,high_school,4,1,1,1,manual_review,low,normal
성수고등학교,high_school,10,1,1,1,manual_review,low,normal
서울방송고등학교,high_school,4,1,1,1,manual_review,low,normal
광희중학교,middle_school,2,1,1,1,manual_review,low,normal
도선고등학교,high_school,3,1,1,1,manual_review,low,normal
무학여자고등학교,high_school,5,1,1,1,manual_review,low,normal
계성고등학교,high_school,5,1,1,1,manual_review,low,normal
성신여자고등학교,high_school,10,1,1,1,manual_review,low,normal
서울정덕초등학교,elementary_school,2,1,1,1,manual_review,low,normal
대광초등학교,elementary_school,2,1,1,1,manual_review,low,normal
한성여자고등학교,high_school,4,1,1,1,manual_review,low,normal
석관고등학교,high_school,4,1,1,1,manual_review,low,normal
홍익대학교사범대학부속고등학교,high_school,5,1,1,1,manual_review,low,normal
용문고등학교,high_school,3,1,1,1,manual_review,low,normal
남대문중학교,middle_school,7,1,1,1,manual_review,low,normal
대일외국어고등학교,high_school,8,1,1,1,manual_review,low,normal
서울대학교사범대학부설고등학교,high_school,5,1,1,1,manual_review,low,normal
서울도시과학기술고등학교,high_school,4,1,1,1,manual_review,low,normal
해누리중학교,middle_school,10,1,1,1,manual_review,low,normal
덕수고등학교,high_school,7,1,1,1,manual_review,low,normal
서울마천초등학교,elementary_school,2,1,1,1,manual_review,low,normal
문정고등학교,high_school,5,1,1,1,manual_review,low,normal
보성고등학교,high_school,13,1,1,1,manual_review,low,normal
배명고등학교,high_school,3,1,1,1,manual_review,low,normal
잠실여자고등학교,high_school,7,1,1,1,manual_review,low,normal
잠실고등학교,high_school,5,1,1,1,manual_review,low,normal
보인고등학교,high_school,9,1,1,1,manual_review,low,normal
정신여자고등학교,high_school,15,1,1,1,manual_review,low,normal
문현고등학교,high_school,6,1,1,1,manual_review,low,normal
영파여자고등학교,high_school,7,1,1,1,manual_review,low,normal
진명여자고등학교,high_school,18,1,1,1,manual_review,low,normal
광영여자고등학교,high_school,19,1,1,1,manual_review,low,normal
목동고등학교,high_school,27,1,1,1,manual_review,low,normal
당산중학교,middle_school,4,1,1,1,manual_review,low,normal
영남중학교,middle_school,7,1,1,1,manual_review,low,normal
양화중학교,middle_school,5,1,1,1,manual_review,low,normal
장훈고등학교,high_school,12,1,1,1,manual_review,low,normal
선유고등학교,high_school,7,1,1,1,manual_review,low,normal
여의도여자고등학교,high_school,6,1,1,1,manual_review,low,normal
영원중학교,middle_school,3,1,1,1,manual_review,low,normal
오산고등학교,high_school,2,1,1,1,manual_review,low,normal
배문고등학교,high_school,2,1,1,1,manual_review,low,normal
한강중학교,middle_school,2,1,1,1,manual_review,low,normal
보성여자고등학교,high_school,5,1,1,1,manual_review,low,normal
성심여자고등학교,high_school,3,1,1,1,manual_review,low,normal
중경고등학교,high_school,3,1,1,1,manual_review,low,normal
서울디지텍고등학교,high_school,3,1,1,1,manual_review,low,normal
신광여자고등학교,high_school,6,1,1,1,manual_review,low,normal
용산철도고등학교,high_school,3,1,1,1,manual_review,low,normal
서울후암초등학교,elementary_school,2,1,1,1,manual_review,low,normal
선일여자고등학교,high_school,10,1,1,1,manual_review,low,normal
예일여자고등학교,high_school,9,1,1,1,manual_review,low,normal
서울어울초등학교,elementary_school,3,1,1,1,manual_review,low,normal
동명여자고등학교,high_school,4,1,1,1,manual_review,low,normal
세명컴퓨터고등학교,high_school,9,1,1,1,manual_review,low,normal
충암고등학교,high_school,8,1,1,1,manual_review,low,normal
증산중학교,middle_school,3,1,1,1,manual_review,low,normal
하나고등학교,high_school,11,1,1,1,manual_review,low,normal
중앙고등학교,high_school,3,1,1,1,manual_review,low,normal
서울국제고등학교,high_school,2,1,1,1,manual_review,low,normal
서울대학교사범대학부설여자중학교,middle_school,2,1,1,1,manual_review,low,normal
서일문화예술고등학교,high_school,3,1,1,1,manual_review,low,normal
경기상업고등학교,high_school,4,1,1,1,manual_review,low,normal
배화여자고등학교,high_school,3,1,1,1,manual_review,low,normal
대신고등학교,high_school,2,1,1,1,manual_review,low,normal
상명대학교사범대학부속여자고등학교,high_school,3,1,1,1,manual_review,low,normal
환일고등학교,high_school,4,1,1,1,manual_review,low,normal
장충고등학교,high_school,17,1,1,1,manual_review,low,normal
리라아트고등학교,high_school,3,1,1,1,manual_review,low,normal
이화여자고등학교,high_school,3,1,1,1,manual_review,low,normal
혜원여자고등학교,high_school,15,1,1,1,manual_review,low,normal
면목고등학교,high_school,11,1,1,1,manual_review,low,normal
원묵고등학교,high_school,7,1,1,1,manual_review,low,normal
신현고등학교,high_school,4,1,1,1,manual_review,low,normal
중화고등학교,high_school,5,1,1,1,manual_review,low,normal
혜광고등학교,high_school,2,1,1,1,manual_review,low,normal
부산디지털고등학교,high_school,3,1,1,1,manual_review,low,normal
부산서여자고등학교,high_school,5,1,1,1,manual_review,low,normal
경성전자고등학교,high_school,7,1,1,1,manual_review,low,normal
경남중학교,middle_school,2,1,1,1,manual_review,low,normal
부산관광고등학교,high_school,3,1,1,1,manual_review,low,normal
천마초등학교,elementary_school,3,1,1,1,manual_review,low,normal
부산컴퓨터과학고등학교,high_school,5,1,1,1,manual_review,low,normal
경남여자고등학교,high_school,7,1,1,1,manual_review,low,normal
데레사여자고등학교,high_school,3,1,1,1,manual_review,low,normal
부산남중학교,middle_school,2,1,1,1,manual_review,low,normal
부산보건고등학교,high_school,2,1,1,1,manual_review,low,normal
부산영상예술고등학교,high_school,6,1,1,1,manual_review,low,normal
청학초등학교,elementary_school,3,1,1,1,manual_review,low,normal
광명고등학교,high_school,15,1,1,1,manual_review,low,normal
성서초등학교,elementary_school,3,1,1,1,manual_review,low,normal
부산진중학교,middle_school,2,1,1,1,manual_review,low,normal
부산동성고등학교,high_school,14,1,1,1,manual_review,low,normal
개성고등학교,high_school,10,1,1,1,manual_review,low,normal
안민초등학교,elementary_school,2,1,1,1,manual_review,low,normal
동래원예고등학교,high_school,11,1,1,1,manual_review,low,normal
남일중학교,middle_school,5,1,1,1,manual_review,low,normal
학산여자고등학교,high_school,15,1,1,1,manual_review,low,normal
동명공업고등학교,high_school,3,1,1,1,manual_review,low,normal
한얼고등학교,high_school,9,1,1,1,manual_review,low,normal
동항중학교,middle_school,4,1,1,1,manual_review,low,normal
금곡고등학교,high_school,7,1,1,1,manual_review,low,normal
화명고등학교,high_school,16,1,1,1,manual_review,low,normal
동백중학교,middle_school,3,1,1,1,manual_review,low,normal
양운고등학교,high_school,16,1,1,1,manual_review,low,normal
해동고등학교,high_school,9,1,1,1,manual_review,low,normal
부산자동차마이스터고등학교,high_school,6,1,1,1,manual_review,low,normal
부일전자디자인고등학교,high_school,9,1,1,1,manual_review,low,normal
부산삼육초등학교,elementary_school,2,1,1,1,manual_review,low,normal
브니엘고등학교,high_school,13,1,1,1,manual_review,low,normal
대진전자통신고등학교,high_school,5,1,1,1,manual_review,low,normal
금샘고등학교,high_school,7,1,1,1,manual_review,low,normal
부산대저고등학교,high_school,8,1,1,1,manual_review,low,normal
가락중학교,middle_school,3,1,1,1,manual_review,low,normal
명호고등학교,high_school,14,1,1,1,manual_review,low,normal
녹산중학교,middle_school,2,1,1,1,manual_review,low,normal
신호중학교,middle_school,3,1,1,1,manual_review,low,normal
덕문고등학교,high_school,3,1,1,1,manual_review,low,normal
부산외국어고등학교,high_school,18,1,1,1,manual_review,low,normal
부산여자상업고등학교,high_school,6,1,1,1,manual_review,low,normal
민안초등학교,elementary_school,2,1,1,1,manual_review,low,normal
모라중학교,middle_school,6,1,1,1,manual_review,low,normal
대덕여자고등학교,high_school,8,1,1,1,manual_review,low,normal
창진초등학교,elementary_school,2,1,1,1,manual_review,low,normal
서감초등학교,elementary_school,2,1,1,1,manual_review,low,normal
엄궁중학교,middle_school,4,1,1,1,manual_review,low,normal
신정고등학교,high_school,14,1,1,1,manual_review,low,normal
일광중학교,middle_school,4,1,1,1,manual_review,low,normal
철마초등학교,elementary_school,2,1,1,1,manual_review,low,normal
울산고등학교,high_school,5,1,1,1,manual_review,low,normal
울산애니원고등학교,high_school,4,1,1,1,manual_review,low,normal
함월고등학교,high_school,3,1,1,1,manual_review,low,normal
울산중앙고등학교,high_school,5,1,1,1,manual_review,low,normal
다운고등학교,high_school,4,1,1,1,manual_review,low,normal
외솔중학교,middle_school,4,1,1,1,manual_review,low,normal
남외중학교,middle_school,2,1,1,1,manual_review,low,normal
약사고등학교,high_school,7,1,1,1,manual_review,low,normal
울산가온고등학교,high_school,4,1,1,1,manual_review,low,normal
무거고등학교,high_school,12,1,1,1,manual_review,low,normal
울산제일고등학교,high_school,8,1,1,1,manual_review,low,normal
울산강남고등학교,high_school,16,1,1,1,manual_review,low,normal
동평중학교,middle_school,6,1,1,1,manual_review,low,normal
삼산고등학교,high_school,5,1,1,1,manual_review,low,normal
신선여자고등학교,high_school,10,1,1,1,manual_review,low,normal
울산삼일고등학교,high_school,3,1,1,1,manual_review,low,normal
화암고등학교,high_school,7,1,1,1,manual_review,low,normal
울산생활과학고등학교,high_school,10,1,1,1,manual_review,low,normal
일산중학교,middle_school,4,1,1,1,manual_review,low,normal
현대공업고등학교,high_school,2,1,1,1,manual_review,low,normal
현대청운고등학교,high_school,9,1,1,1,manual_review,low,normal
호계고등학교,high_school,5,1,1,1,manual_review,low,normal
매곡고등학교,high_school,5,1,1,1,manual_review,low,normal
동대초등학교,elementary_school,2,1,1,1,manual_review,low,normal
울산외국어고등학교,high_school,5,1,1,1,manual_review,low,normal
울산동천고등학교,high_school,5,1,1,1,manual_review,low,normal
달천고등학교,high_school,3,1,1,1,manual_review,low,normal
울산스포츠과학고등학교,high_school,5,1,1,1,manual_review,low,normal
무룡고등학교,high_school,3,1,1,1,manual_review,low,normal
효정고등학교,high_school,3,1,1,1,manual_review,low,normal
효정중학교,middle_school,2,1,1,1,manual_review,low,normal
울산기술공업고등학교,high_school,6,1,1,1,manual_review,low,normal
언양고등학교,high_school,7,1,1,1,manual_review,low,normal
남창고등학교,high_school,4,1,1,1,manual_review,low,normal
울산상업고등학교,high_school,15,1,1,1,manual_review,low,normal
울산산업고등학교,high_school,5,1,1,1,manual_review,low,normal
서생중학교,middle_school,4,1,1,1,manual_review,low,normal
울산예술고등학교,high_school,4,1,1,1,manual_review,low,normal
두광중학교,middle_school,2,1,1,1,manual_review,low,normal
울산경의고등학교,high_school,5,1,1,1,manual_review,low,normal
반곡고등학교,high_school,3,1,1,1,manual_review,low,normal
소담고등학교,high_school,3,1,1,1,manual_review,low,normal
보람고등학교,high_school,3,1,1,1,manual_review,low,normal
한솔고등학교,high_school,4,1,1,1,manual_review,low,normal
새롬고등학교,high_school,4,1,1,1,manual_review,low,normal
다정고등학교,high_school,4,1,1,1,manual_review,low,normal
세종대성고등학교,high_school,3,1,1,1,manual_review,low,normal
종촌고등학교,high_school,3,1,1,1,manual_review,low,normal
두루고등학교,high_school,7,1,1,1,manual_review,low,normal
세종과학예술영재학교,high_school,5,1,1,1,manual_review,low,normal
양지고등학교,high_school,5,1,1,1,manual_review,low,normal
세종캠퍼스고등학교,high_school,3,1,1,1,manual_review,low,normal
해밀고등학교,high_school,2,1,1,1,manual_review,low,normal
나루초등학교,elementary_school,2,1,1,1,manual_review,low,normal
연남초등학교,elementary_school,2,1,1,1,manual_review,low,normal
세종미래고등학교,high_school,2,1,1,1,manual_review,low,normal
세종장영실고등학교,high_school,3,1,1,1,manual_review,low,normal
장기초등학교,elementary_school,2,1,1,1,manual_review,low,normal
세종도원초등학교,elementary_school,4,1,1,1,manual_review,low,normal
가평고등학교,high_school,5,1,1,1,manual_review,low,normal
도래울고등학교,high_school,4,1,1,1,manual_review,low,normal
고양고등학교,high_school,2,1,1,1,manual_review,low,normal
성사고등학교,high_school,4,1,1,1,manual_review,low,normal
신원고등학교,high_school,3,1,1,1,manual_review,low,normal
원흥초등학교,elementary_school,2,1,1,1,manual_review,low,normal
원당중학교,middle_school,2,1,1,1,manual_review,low,normal
지축중학교,middle_school,3,1,1,1,manual_review,low,normal
능곡고등학교,high_school,4,1,1,1,manual_review,low,normal
서정고등학교,high_school,19,1,1,1,manual_review,low,normal
화정고등학교,high_school,12,1,1,1,manual_review,low,normal
정발고등학교,high_school,9,1,1,1,manual_review,low,normal
백신고등학교,high_school,6,1,1,1,manual_review,low,normal
고양장항초등학교,elementary_school,3,1,1,1,manual_review,low,normal
저동고등학교,high_school,4,1,1,1,manual_review,low,normal
세원고등학교,high_school,7,1,1,1,manual_review,low,normal
일산대진고등학교,high_school,11,1,1,1,manual_review,low,normal
덕이고등학교,high_school,7,1,1,1,manual_review,low,normal
일산고등학교,high_school,9,1,1,1,manual_review,low,normal
경기영상과학고등학교,high_school,11,1,1,1,manual_review,low,normal
일산동고등학교,high_school,7,1,1,1,manual_review,low,normal
경기항공고등학교,high_school,10,1,1,1,manual_review,low,normal
광휘고등학교,high_school,12,1,1,1,manual_review,low,normal
빛가온중학교,middle_school,2,1,1,1,manual_review,low,normal
광명북고등학교,high_school,11,1,1,1,manual_review,low,normal
진성고등학교,high_school,11,1,1,1,manual_review,low,normal
광주중학교,middle_school,3,1,1,1,manual_review,low,normal
쌍령초등학교,elementary_school,2,1,1,1,manual_review,low,normal
광주중앙고등학교,high_school,2,1,1,1,manual_review,low,normal
태전고등학교,high_school,6,1,1,1,manual_review,low,normal
갈매고등학교,high_school,4,1,1,1,manual_review,low,normal
서울삼육고등학교,high_school,7,1,1,1,manual_review,low,normal
수택고등학교,high_school,5,1,1,1,manual_review,low,normal
토평고등학교,high_school,6,1,1,1,manual_review,low,normal
용호고등학교,high_school,8,1,1,1,manual_review,low,normal
안산공업고등학교,high_school,10,1,1,1,manual_review,low,normal
수리고등학교,high_school,21,1,1,1,manual_review,low,normal
감정중학교,middle_school,2,1,1,1,manual_review,low,normal
김포나진초등학교,elementary_school,2,1,1,1,manual_review,low,normal
고촌고등학교,high_school,9,1,1,1,manual_review,low,normal
김포호수고등학교,high_school,7,1,1,1,manual_review,low,normal
솔터고등학교,high_school,4,1,1,1,manual_review,low,normal
김포과학기술고등학교,high_school,6,1,1,1,manual_review,low,normal
사우고등학교,high_school,4,1,1,1,manual_review,low,normal
양곡고등학교,high_school,6,1,1,1,manual_review,low,normal
운양고등학교,high_school,8,1,1,1,manual_review,low,normal
장기고등학교,high_school,12,1,1,1,manual_review,low,normal
풍무고등학교,high_school,7,1,1,1,manual_review,low,normal
수원칠보고등학교,high_school,14,1,1,1,manual_review,low,normal
동화고등학교,high_school,19,1,1,1,manual_review,low,normal
별가람고등학교,high_school,8,1,1,1,manual_review,low,normal
청학고등학교,high_school,3,1,1,1,manual_review,low,normal
오남고등학교,high_school,8,1,1,1,manual_review,low,normal
덕소고등학교,high_school,11,1,1,1,manual_review,low,normal
진건고등학교,high_school,5,1,1,1,manual_review,low,normal
광동고등학교,high_school,16,1,1,1,manual_review,low,normal
퇴계원고등학교,high_school,4,1,1,1,manual_review,low,normal
평내고등학교,high_school,7,1,1,1,manual_review,low,normal
판곡고등학교,high_school,10,1,1,1,manual_review,low,normal
심석고등학교,high_school,20,1,1,1,manual_review,low,normal
부천동중학교,middle_school,5,1,1,1,manual_review,low,normal
시온고등학교,high_school,7,1,1,1,manual_review,low,normal
경기경영고등학교,high_school,4,1,1,1,manual_review,low,normal
옥길새길중학교,middle_school,4,1,1,1,manual_review,low,normal
수주고등학교,high_school,5,1,1,1,manual_review,low,normal
원종고등학교,high_school,4,1,1,1,manual_review,low,normal
성곡중학교,middle_school,2,1,1,1,manual_review,low,normal
부천북고등학교,high_school,5,1,1,1,manual_review,low,normal
부천정보산업고등학교,high_school,19,1,1,1,manual_review,low,normal
평택대동초등학교,elementary_school,3,1,1,1,manual_review,low,normal
원미초등학교,elementary_school,2,1,1,1,manual_review,low,normal
약대초등학교,elementary_school,2,1,1,1,manual_review,low,normal
역곡고등학교,high_school,5,1,1,1,manual_review,low,normal
원미중학교,middle_school,3,1,1,1,manual_review,low,normal
초당고등학교,high_school,35,1,1,1,manual_review,low,normal
불곡고등학교,high_school,7,1,1,1,manual_review,low,normal
보평고등학교,high_school,6,1,1,1,manual_review,low,normal
분당대진고등학교,high_school,4,1,1,1,manual_review,low,normal
판교고등학교,high_school,4,1,1,1,manual_review,low,normal
양영디지털고등학교,high_school,8,1,1,1,manual_review,low,normal
수내고등학교,high_school,8,1,1,1,manual_review,low,normal
태원고등학교,high_school,11,1,1,1,manual_review,low,normal
송림고등학교,high_school,9,1,1,1,manual_review,low,normal
계원예술고등학교,high_school,15,1,1,1,manual_review,low,normal
낙생고등학교,high_school,5,1,1,1,manual_review,low,normal
성보경영고등학교,high_school,4,1,1,1,manual_review,low,normal
복정고등학교,high_school,2,1,1,1,manual_review,low,normal
풍생고등학교,high_school,5,1,1,1,manual_review,low,normal
성남여자중학교,middle_school,3,1,1,1,manual_review,low,normal
위례한빛고등학교,high_school,7,1,1,1,manual_review,low,normal
태평중학교,middle_school,6,1,1,1,manual_review,low,normal
상대원초등학교,elementary_school,4,1,1,1,manual_review,low,normal
고색고등학교,high_school,4,1,1,1,manual_review,low,normal
곡반중학교,middle_school,2,1,1,1,manual_review,low,normal
곡정고등학교,high_school,17,1,1,1,manual_review,low,normal
경기대명고등학교,high_school,2,1,1,1,manual_review,low,normal
세류중학교,middle_school,4,1,1,1,manual_review,low,normal
호매실고등학교,high_school,6,1,1,1,manual_review,low,normal
망포고등학교,high_school,9,1,1,1,manual_review,low,normal
효원고등학교,high_school,17,1,1,1,manual_review,low,normal
수원하이텍고등학교,high_school,17,1,1,1,manual_review,low,normal
중앙기독고등학교,high_school,10,1,1,1,manual_review,low,normal
광교고등학교,high_school,8,1,1,1,manual_review,low,normal
이의고등학교,high_school,3,1,1,1,manual_review,low,normal
경기과학고등학교,high_school,4,1,1,1,manual_review,low,normal
창용중학교,middle_school,2,1,1,1,manual_review,low,normal
수원농생명과학고등학교,high_school,2,1,1,1,manual_review,low,normal
동원동우고등학교,high_school,3,1,1,1,manual_review,low,normal
수원고등학교,high_school,3,1,1,1,manual_review,low,normal
창현고등학교,high_school,6,1,1,1,manual_review,low,normal
수원공업고등학교,high_school,3,1,1,1,manual_review,low,normal
시흥능곡고등학교,high_school,4,1,1,1,manual_review,low,normal
은계중학교,middle_school,4,1,1,1,manual_review,low,normal
배곧해솔중학교,middle_school,7,1,1,1,manual_review,low,normal
월곶중학교,middle_school,3,1,1,1,manual_review,low,normal
은행고등학교,high_school,9,1,1,1,manual_review,low,normal
장곡고등학교,high_school,5,1,1,1,manual_review,low,normal
시흥가온중학교,middle_school,3,1,1,1,manual_review,low,normal
배곧고등학교,high_school,26,1,1,1,manual_review,low,normal
목감고등학교,high_school,5,1,1,1,manual_review,low,normal
경안고등학교,high_school,15,1,1,1,manual_review,low,normal
경일관광경영고등학교,high_school,12,1,1,1,manual_review,low,normal
신길고등학교,high_school,5,1,1,1,manual_review,low,normal
한국디지털미디어고등학교,high_school,6,1,1,1,manual_review,low,normal
원곡고등학교,high_school,5,1,1,1,manual_review,low,normal
초지고등학교,high_school,7,1,1,1,manual_review,low,normal
안산디자인문화고등학교,high_school,11,1,1,1,manual_review,low,normal
성안고등학교,high_school,13,1,1,1,manual_review,low,normal
성포고등학교,high_school,4,1,1,1,manual_review,low,normal
광덕고등학교,high_school,5,1,1,1,manual_review,low,normal
송호고등학교,high_school,3,1,1,1,manual_review,low,normal
평촌경영고등학교,high_school,13,1,1,1,manual_review,low,normal
부흥고등학교,high_school,12,1,1,1,manual_review,low,normal
백영고등학교,high_school,10,1,1,1,manual_review,low,normal
평촌과학기술고등학교,high_school,15,1,1,1,manual_review,low,normal
안양고등학교,high_school,4,1,1,1,manual_review,low,normal
충훈고등학교,high_school,8,1,1,1,manual_review,low,normal
양명여자고등학교,high_school,24,1,1,1,manual_review,low,normal
덕현중학교,middle_school,2,1,1,1,manual_review,low,normal
덕계고등학교,high_school,2,1,1,1,manual_review,low,normal
덕정중학교,middle_school,4,1,1,1,manual_review,low,normal
옥정고등학교,high_school,12,1,1,1,manual_review,low,normal
대호중학교,middle_school,2,1,1,1,manual_review,low,normal
운천고등학교,high_school,3,1,1,1,manual_review,low,normal
세마고등학교,high_school,3,1,1,1,manual_review,low,normal
운천중학교,middle_school,4,1,1,1,manual_review,low,normal
운암고등학교,high_school,9,1,1,1,manual_review,low,normal
용인백현고등학교,high_school,7,1,1,1,manual_review,low,normal
구성고등학교,high_school,6,1,1,1,manual_review,low,normal
보정고등학교,high_school,6,1,1,1,manual_review,low,normal
신갈고등학교,high_school,4,1,1,1,manual_review,low,normal
기흥고등학교,high_school,7,1,1,1,manual_review,low,normal
언동중학교,middle_school,3,1,1,1,manual_review,low,normal
손곡중학교,middle_school,5,1,1,1,manual_review,low,normal
상현고등학교,high_school,11,1,1,1,manual_review,low,normal
성복고등학교,high_school,6,1,1,1,manual_review,low,normal
신봉고등학교,high_school,8,1,1,1,manual_review,low,normal
현암고등학교,high_school,15,1,1,1,manual_review,low,normal
풍덕고등학교,high_school,12,1,1,1,manual_review,low,normal
용신중학교,middle_school,4,1,1,1,manual_review,low,normal
용인고등학교,high_school,3,1,1,1,manual_review,low,normal
경기외국어고등학교,high_school,3,1,1,1,manual_review,low,normal
내손고등학교,high_school,8,1,1,1,manual_review,low,normal
모락고등학교,high_school,7,1,1,1,manual_review,low,normal
의정부광동고등학교,high_school,13,1,1,1,manual_review,low,normal
훈민중학교,middle_school,2,1,1,1,manual_review,low,normal
천보중학교,middle_school,4,1,1,1,manual_review,low,normal
송양고등학교,high_school,3,1,1,1,manual_review,low,normal
경기북과학고등학교,high_school,3,1,1,1,manual_review,low,normal
송현고등학교,high_school,10,1,1,1,manual_review,low,normal
발곡고등학교,high_school,13,1,1,1,manual_review,low,normal
동국대학교사범대학부속영석고등학교,high_school,5,1,1,1,manual_review,low,normal
상우고등학교,high_school,4,1,1,1,manual_review,low,normal
동암중학교,middle_school,3,1,1,1,manual_review,low,normal
호원고등학교,high_school,7,1,1,1,manual_review,low,normal
효양고등학교,high_school,7,1,1,1,manual_review,low,normal
이천고등학교,high_school,4,1,1,1,manual_review,low,normal
설봉중학교,middle_school,3,1,1,1,manual_review,low,normal
다율중학교,middle_school,3,1,1,1,manual_review,low,normal
동패고등학교,high_school,11,1,1,1,manual_review,low,normal
운정고등학교,high_school,9,1,1,1,manual_review,low,normal
한광여자고등학교,high_school,18,1,1,1,manual_review,low,normal
용이중학교,middle_school,5,1,1,1,manual_review,low,normal
배다리중학교,middle_school,4,1,1,1,manual_review,low,normal
합정초등학교,elementary_school,2,1,1,1,manual_review,low,normal
감일고등학교,high_school,4,1,1,1,manual_review,low,normal
감일백제중학교,middle_school,3,1,1,1,manual_review,low,normal
미사고등학교,high_school,8,1,1,1,manual_review,low,normal
미사강변고등학교,high_school,4,1,1,1,manual_review,low,normal
신장고등학교,high_school,7,1,1,1,manual_review,low,normal
한국애니메이션고등학교,high_school,5,1,1,1,manual_review,low,normal
청아초등학교,elementary_school,2,1,1,1,manual_review,low,normal
위례고등학교,high_school,4,1,1,1,manual_review,low,normal
기산중학교,middle_school,2,1,1,1,manual_review,low,normal
푸른중학교,middle_school,5,1,1,1,manual_review,low,normal
반송고등학교,high_school,14,1,1,1,manual_review,low,normal
화성반월고등학교,high_school,7,1,1,1,manual_review,low,normal
안화고등학교,high_school,10,1,1,1,manual_review,low,normal
와우고등학교,high_school,18,1,1,1,manual_review,low,normal
이솔고등학교,high_school,7,1,1,1,manual_review,low,normal
새솔고등학교,high_school,3,1,1,1,manual_review,low,normal
한백고등학교,high_school,10,1,1,1,manual_review,low,normal
동탄중앙고등학교,high_school,9,1,1,1,manual_review,low,normal
춘천한샘고등학교,high_school,5,1,1,1,manual_review,low,normal
대암중학교,middle_school,10,1,1,1,manual_review,low,normal
전인고등학교,high_school,3,1,1,1,manual_review,low,normal
신남고등학교,high_school,15,1,1,1,manual_review,low,normal
창촌중학교,middle_school,5,1,1,1,manual_review,low,normal
한남초등학교,elementary_school,20,1,1,1,manual_review,low,normal
신포중학교,middle_school,4,1,1,1,manual_review,low,normal
삼척초등학교,elementary_school,8,1,1,1,manual_review,low,normal
우석중학교,middle_school,5,1,1,1,manual_review,low,normal
퇴계중학교,middle_school,5,1,1,1,manual_review,low,normal
설온중학교,middle_school,3,1,1,1,manual_review,low,normal
설악고등학교,high_school,4,1,1,1,manual_review,low,normal
도계전산정보고등학교,high_school,6,1,1,1,manual_review,low,normal
원덕고등학교,high_school,5,1,1,1,manual_review,low,normal
한국에너지마이스터고등학교,high_school,5,1,1,1,manual_review,low,normal
하장중학교,middle_school,2,1,1,1,manual_review,low,normal
미로중학교,middle_school,2,1,1,1,manual_review,low,normal
가곡고등학교,high_school,3,1,1,1,manual_review,low,normal
삼일고등학교,high_school,4,1,1,1,manual_review,low,normal
홍천여자고등학교,high_school,10,1,1,1,manual_review,low,normal
화촌중학교,middle_school,4,1,1,1,manual_review,low,normal
두촌중학교,middle_school,2,1,1,1,manual_review,low,normal
팔렬고등학교,high_school,4,1,1,1,manual_review,low,normal
서석고등학교,high_school,5,1,1,1,manual_review,low,normal
동화중학교,middle_school,2,1,1,1,manual_review,low,normal
내면고등학교,high_school,5,1,1,1,manual_review,low,normal
횡성고등학교,high_school,8,1,1,1,manual_review,low,normal
우천중학교,middle_school,3,1,1,1,manual_review,low,normal
민족사관고등학교,high_school,5,1,1,1,manual_review,low,normal
현천고등학교,high_school,4,1,1,1,manual_review,low,normal
갑천고등학교,high_school,3,1,1,1,manual_review,low,normal
청일중학교,middle_school,3,1,1,1,manual_review,low,normal
공근중학교,middle_school,3,1,1,1,manual_review,low,normal
서원중학교,middle_school,3,1,1,1,manual_review,low,normal
강림중학교,middle_school,2,1,1,1,manual_review,low,normal
석정여자고등학교,high_school,10,1,1,1,manual_review,low,normal
상동고등학교,high_school,3,1,1,1,manual_review,low,normal
녹전중학교,middle_school,2,1,1,1,manual_review,low,normal
옥동중학교,middle_school,2,1,1,1,manual_review,low,normal
원통고등학교,high_school,9,1,1,1,manual_review,low,normal
쌍룡중학교,middle_school,3,1,1,1,manual_review,low,normal
주천고등학교,high_school,3,1,1,1,manual_review,low,normal
평창고등학교,high_school,4,1,1,1,manual_review,low,normal
미탄중학교,middle_school,2,1,1,1,manual_review,low,normal
계촌중학교,middle_school,3,1,1,1,manual_review,low,normal
대화고등학교,high_school,5,1,1,1,manual_review,low,normal
봉평고등학교,high_school,4,1,1,1,manual_review,low,normal
용전중학교,middle_school,3,1,1,1,manual_review,low,normal
진부고등학교,high_school,5,1,1,1,manual_review,low,normal
상지대관령고등학교,high_school,5,1,1,1,manual_review,low,normal
정선정보공업고등학교,high_school,7,1,1,1,manual_review,low,normal
고한고등학교,high_school,4,1,1,1,manual_review,low,normal
사북고등학교,high_school,3,1,1,1,manual_review,low,normal
함백고등학교,high_school,5,1,1,1,manual_review,low,normal
나전중학교,middle_school,3,1,1,1,manual_review,low,normal
임계고등학교,high_school,3,1,1,1,manual_review,low,normal
여량고등학교,high_school,3,1,1,1,manual_review,low,normal
철원고등학교,high_school,4,1,1,1,manual_review,low,normal
청양초등학교,elementary_school,3,1,1,1,manual_review,low,normal
신철원고등학교,high_school,6,1,1,1,manual_review,low,normal
철원여자고등학교,high_school,6,1,1,1,manual_review,low,normal
화천정보산업고등학교,high_school,3,1,1,1,manual_review,low,normal
간동고등학교,high_school,3,1,1,1,manual_review,low,normal
화천고등학교,high_school,4,1,1,1,manual_review,low,normal
사내고등학교,high_school,5,1,1,1,manual_review,low,normal
강원외국어고등학교,high_school,8,1,1,1,manual_review,low,normal
용하중학교,middle_school,4,1,1,1,manual_review,low,normal
방산중학교,middle_school,2,1,1,1,manual_review,low,normal
해안중학교,middle_school,2,1,1,1,manual_review,low,normal
인제고등학교,high_school,5,1,1,1,manual_review,low,normal
기린고등학교,high_school,4,1,1,1,manual_review,low,normal
서화중학교,middle_school,2,1,1,1,manual_review,low,normal
상남중학교,middle_school,3,1,1,1,manual_review,low,normal
거진고등학교,high_school,4,1,1,1,manual_review,low,normal
죽왕초등학교,elementary_school,3,1,1,1,manual_review,low,normal
동광산업과학고등학교,high_school,7,1,1,1,manual_review,low,normal
양양고등학교,high_school,4,1,1,1,manual_review,low,normal
송포초등학교,elementary_school,2,1,1,1,manual_review,low,normal
현북중학교,middle_school,4,1,1,1,manual_review,low,normal
현남중학교,middle_school,3,1,1,1,manual_review,low,normal
강현중학교,middle_school,3,1,1,1,manual_review,low,normal
충북에너지고등학교,high_school,4,1,1,1,manual_review,low,normal
충북과학고등학교,high_school,4,1,1,1,manual_review,low,normal
신송초등학교,elementary_school,3,1,1,1,manual_review,low,normal
문의중학교,middle_school,3,1,1,1,manual_review,low,normal
청운중학교,middle_school,2,1,1,1,manual_review,low,normal
현도중학교,middle_school,3,1,1,1,manual_review,low,normal
운호고등학교,high_school,5,1,1,1,manual_review,low,normal
오송고등학교,high_school,7,1,1,1,manual_review,low,normal
한국교원대학교부설고등학교,high_school,4,1,1,1,manual_review,low,normal
양업고등학교,high_school,4,1,1,1,manual_review,low,normal
내수중학교,middle_school,5,1,1,1,manual_review,low,normal
청원고등학교,high_school,14,1,1,1,manual_review,low,normal
석성초등학교,elementary_school,3,1,1,1,manual_review,low,normal
청주중앙중학교,middle_school,3,1,1,1,manual_review,low,normal
청주신흥고등학교,high_school,7,1,1,1,manual_review,low,normal
주덕중학교,middle_school,3,1,1,1,manual_review,low,normal
오석초등학교,elementary_school,2,1,1,1,manual_review,low,normal
노은중학교,middle_school,2,1,1,1,manual_review,low,normal
충주대소원중학교,middle_school,3,1,1,1,manual_review,low,normal
중원중학교,middle_school,3,1,1,1,manual_review,low,normal
산척중학교,middle_school,2,1,1,1,manual_review,low,normal
수안보중학교,middle_school,3,1,1,1,manual_review,low,normal
신니중학교,middle_school,3,1,1,1,manual_review,low,normal
앙성중학교,middle_school,2,1,1,1,manual_review,low,normal
충원고등학교,high_school,3,1,1,1,manual_review,low,normal
중앙탑고등학교,high_school,4,1,1,1,manual_review,low,normal
한림디자인고등학교,high_school,7,1,1,1,manual_review,low,normal
충주대원고등학교,high_school,2,1,1,1,manual_review,low,normal
국원고등학교,high_school,2,1,1,1,manual_review,low,normal
국원초등학교,elementary_school,3,1,1,1,manual_review,low,normal
충주여자고등학교,high_school,4,1,1,1,manual_review,low,normal
탄금중학교,middle_school,4,1,1,1,manual_review,low,normal
충주중산고등학교,high_school,8,1,1,1,manual_review,low,normal
보은고등학교,high_school,8,1,1,1,manual_review,low,normal
세중초등학교,elementary_school,2,1,1,1,manual_review,low,normal
보덕중학교,middle_school,2,1,1,1,manual_review,low,normal
속리산중학교,middle_school,3,1,1,1,manual_review,low,normal
회인중학교,middle_school,2,1,1,1,manual_review,low,normal
옥천고등학교,high_school,8,1,1,1,manual_review,low,normal
동이초등학교우산분교장,elementary_school,2,1,1,1,manual_review,low,normal
안내중학교,middle_school,2,1,1,1,manual_review,low,normal
청산고등학교,high_school,3,1,1,1,manual_review,low,normal
이원중학교,middle_school,2,1,1,1,manual_review,low,normal
증약초등학교대정분교장,elementary_school,2,1,1,1,manual_review,low,normal
황간고등학교,high_school,3,1,1,1,manual_review,low,normal
추풍령중학교,middle_school,2,1,1,1,manual_review,low,normal
학산고등학교,high_school,3,1,1,1,manual_review,low,normal
정수중학교,middle_school,2,1,1,1,manual_review,low,normal
심천중학교,middle_school,3,1,1,1,manual_review,low,normal
형석고등학교,high_school,9,1,1,1,manual_review,low,normal
진천고등학교,high_school,8,1,1,1,manual_review,low,normal
서전고등학교,high_school,6,1,1,1,manual_review,low,normal
초평초등학교,elementary_school,2,1,1,1,manual_review,low,normal
충북체육고등학교,high_school,4,1,1,1,manual_review,low,normal
이월중학교,middle_school,4,1,1,1,manual_review,low,normal
광혜원고등학교,high_school,3,1,1,1,manual_review,low,normal
괴산고등학교,high_school,5,1,1,1,manual_review,low,normal
괴산오성중학교,middle_school,2,1,1,1,manual_review,low,normal
연풍중학교,middle_school,2,1,1,1,manual_review,low,normal
칠성중학교,middle_school,2,1,1,1,manual_review,low,normal
청안중학교,middle_school,3,1,1,1,manual_review,low,normal
음성고등학교,high_school,7,1,1,1,manual_review,low,normal
대금고등학교,high_school,7,1,1,1,manual_review,low,normal
하당초등학교,elementary_school,2,1,1,1,manual_review,low,normal
대소중학교,middle_school,3,1,1,1,manual_review,low,normal
생극중학교,middle_school,2,1,1,1,manual_review,low,normal
매괴고등학교,high_school,6,1,1,1,manual_review,low,normal
단양고등학교,high_school,4,1,1,1,manual_review,low,normal
매포중학교,middle_school,3,1,1,1,manual_review,low,normal
가곡초등학교보발분교장,elementary_school,3,1,1,1,manual_review,low,normal
단양소백산중학교,middle_school,4,1,1,1,manual_review,low,normal
한국호텔관광고등학교,high_school,3,1,1,1,manual_review,low,normal
공주마이스터고등학교,high_school,5,1,1,1,manual_review,low,normal
이인중학교,middle_school,2,1,1,1,manual_review,low,normal
탄천중학교,middle_school,2,1,1,1,manual_review,low,normal
경천중학교,middle_school,3,1,1,1,manual_review,low,normal
충남과학고등학교,high_school,4,1,1,1,manual_review,low,normal
의당초등학교,elementary_school,2,1,1,1,manual_review,low,normal
한일고등학교,high_school,4,1,1,1,manual_review,low,normal
우성중학교,middle_school,4,1,1,1,manual_review,low,normal
사곡중학교,middle_school,3,1,1,1,manual_review,low,normal
공주고등학교,high_school,2,1,1,1,manual_review,low,normal
공주여자고등학교,high_school,2,1,1,1,manual_review,low,normal
공주생명과학고등학교,high_school,4,1,1,1,manual_review,low,normal
웅천고등학교,high_school,5,1,1,1,manual_review,low,normal
보령중학교,middle_school,2,1,1,1,manual_review,low,normal
청룡초등학교장고분교장,elementary_school,5,1,1,1,manual_review,low,normal
천북중학교,middle_school,2,1,1,1,manual_review,low,normal
청라중학교,middle_school,4,1,1,1,manual_review,low,normal
남포중학교,middle_school,3,1,1,1,manual_review,low,normal
주산산업고등학교,high_school,2,1,1,1,manual_review,low,normal
미산중학교,middle_school,2,1,1,1,manual_review,low,normal
성주초등학교,elementary_school,2,1,1,1,manual_review,low,normal
설화고등학교,high_school,17,1,1,1,manual_review,low,normal
송남중학교,middle_school,3,1,1,1,manual_review,low,normal
충남외국어고등학교,high_school,10,1,1,1,manual_review,low,normal
염티초등학교,elementary_school,2,1,1,1,manual_review,low,normal
음봉중학교,middle_school,5,1,1,1,manual_review,low,normal
아산충무고등학교,high_school,8,1,1,1,manual_review,low,normal
영인중학교,middle_school,3,1,1,1,manual_review,low,normal
인주중학교,middle_school,3,1,1,1,manual_review,low,normal
선도중학교,middle_school,2,1,1,1,manual_review,low,normal
도고중학교,middle_school,3,1,1,1,manual_review,low,normal
신창중학교,middle_school,4,1,1,1,manual_review,low,normal
대산고등학교,high_school,6,1,1,1,manual_review,low,normal
인지중학교,middle_school,3,1,1,1,manual_review,low,normal
부석고등학교,high_school,6,1,1,1,manual_review,low,normal
팔봉중학교,middle_school,2,1,1,1,manual_review,low,normal
서일고등학교,high_school,3,1,1,1,manual_review,low,normal
성연중학교,middle_school,2,1,1,1,manual_review,low,normal
음암중학교,middle_school,3,1,1,1,manual_review,low,normal
서산공업고등학교,high_school,4,1,1,1,manual_review,low,normal
서산고등학교,high_school,4,1,1,1,manual_review,low,normal
고북중학교,middle_school,2,1,1,1,manual_review,low,normal
서산중학교,middle_school,2,1,1,1,manual_review,low,normal
강경고등학교,high_school,7,1,1,1,manual_review,low,normal
연무고등학교,high_school,7,1,1,1,manual_review,low,normal
원봉초등학교,elementary_school,2,1,1,1,manual_review,low,normal
광석중학교,middle_school,3,1,1,1,manual_review,low,normal
노성중학교,middle_school,2,1,1,1,manual_review,low,normal
부적초등학교,elementary_school,2,1,1,1,manual_review,low,normal
충남인터넷고등학교,high_school,5,1,1,1,manual_review,low,normal
벌곡초등학교,elementary_school,2,1,1,1,manual_review,low,normal
건양대학교병설건양고등학교,high_school,4,1,1,1,manual_review,low,normal
가야곡중학교,middle_school,2,1,1,1,manual_review,low,normal
은진초등학교,elementary_school,2,1,1,1,manual_review,low,normal
채운초등학교,elementary_school,2,1,1,1,manual_review,low,normal
논산여자고등학교,high_school,4,1,1,1,manual_review,low,normal
쌘뽈여자고등학교,high_school,4,1,1,1,manual_review,low,normal
계룡중학교,middle_school,2,1,1,1,manual_review,low,normal
계룡고등학교,high_school,3,1,1,1,manual_review,low,normal
엄사중학교,middle_school,3,1,1,1,manual_review,low,normal
서야고등학교,high_school,9,1,1,1,manual_review,low,normal
송악고등학교,high_school,6,1,1,1,manual_review,low,normal
고대중학교,middle_school,3,1,1,1,manual_review,low,normal
석문중학교,middle_school,5,1,1,1,manual_review,low,normal
당진중학교대호지분교장,middle_school,2,1,1,1,manual_review,low,normal
천의초등학교,elementary_school,2,1,1,1,manual_review,low,normal
면천중학교,middle_school,2,1,1,1,manual_review,low,normal
순성중학교,middle_school,3,1,1,1,manual_review,low,normal
신평고등학교,high_school,5,1,1,1,manual_review,low,normal
송산중학교,middle_school,4,1,1,1,manual_review,low,normal
금산여자고등학교,high_school,9,1,1,1,manual_review,low,normal
제원중학교,middle_school,2,1,1,1,manual_review,low,normal
부리중학교,middle_school,2,1,1,1,manual_review,low,normal
용문초등학교,elementary_school,3,1,1,1,manual_review,low,normal
금산하이텍고등학교,high_school,3,1,1,1,manual_review,low,normal
복수중학교,middle_school,3,1,1,1,manual_review,low,normal
추부중학교,middle_school,3,1,1,1,manual_review,low,normal
부여여자고등학교,high_school,9,1,1,1,manual_review,low,normal
부여정보고등학교,high_school,5,1,1,1,manual_review,low,normal
은산중학교,middle_school,2,1,1,1,manual_review,low,normal
외산중학교,middle_school,2,1,1,1,manual_review,low,normal
용강중학교,middle_school,3,1,1,1,manual_review,low,normal
한국식품마이스터고등학교,high_school,3,1,1,1,manual_review,low,normal
부여전자고등학교,high_school,3,1,1,1,manual_review,low,normal
세도중학교,middle_school,2,1,1,1,manual_review,low,normal
석성중학교,middle_school,3,1,1,1,manual_review,low,normal
장항고등학교,high_school,6,1,1,1,manual_review,low,normal
서천여자정보고등학교,high_school,8,1,1,1,manual_review,low,normal
송석초등학교,elementary_school,2,1,1,1,manual_review,low,normal
충남디자인예술고등학교,high_school,3,1,1,1,manual_review,low,normal
판교중학교,middle_school,2,1,1,1,manual_review,low,normal
비인중학교,middle_school,2,1,1,1,manual_review,low,normal
청양고등학교,high_school,5,1,1,1,manual_review,low,normal
정산고등학교,high_school,3,1,1,1,manual_review,low,normal
동영중학교,middle_school,2,1,1,1,manual_review,low,normal
홍주고등학교,high_school,8,1,1,1,manual_review,low,normal
서해삼육고등학교,high_school,6,1,1,1,manual_review,low,normal
홍성고등학교,high_school,7,1,1,1,manual_review,low,normal
금마중학교,middle_school,3,1,1,1,manual_review,low,normal
홍동중학교,middle_school,3,1,1,1,manual_review,low,normal
홍성공업고등학교,high_school,2,1,1,1,manual_review,low,normal
홍성서부중학교,middle_school,3,1,1,1,manual_review,low,normal
갈산고등학교,high_school,3,1,1,1,manual_review,low,normal
대정초등학교,elementary_school,2,1,1,1,manual_review,low,normal
예산고등학교,high_school,10,1,1,1,manual_review,low,normal
삽교고등학교,high_school,7,1,1,1,manual_review,low,normal
대술중학교,middle_school,2,1,1,1,manual_review,low,normal
신양중학교,middle_school,2,1,1,1,manual_review,low,normal
광시중학교,middle_school,2,1,1,1,manual_review,low,normal
대흥고등학교,high_school,3,1,1,1,manual_review,low,normal
평촌초등학교,elementary_school,2,1,1,1,manual_review,low,normal
수덕초등학교,elementary_school,3,1,1,1,manual_review,low,normal
고덕중학교,middle_school,4,1,1,1,manual_review,low,normal
신암중학교,middle_school,3,1,1,1,manual_review,low,normal
임성중학교,middle_school,3,1,1,1,manual_review,low,normal
태안여자고등학교,high_school,8,1,1,1,manual_review,low,normal
안면고등학교,high_school,6,1,1,1,manual_review,low,normal
남면중학교,middle_school,3,1,1,1,manual_review,low,normal
근흥중학교,middle_school,4,1,1,1,manual_review,low,normal
만리포고등학교,high_school,5,1,1,1,manual_review,low,normal
원이중학교,middle_school,3,1,1,1,manual_review,low,normal
이원초등학교관동분교장,elementary_school,2,1,1,1,manual_review,low,normal
목천고등학교,high_school,7,1,1,1,manual_review,low,normal
광풍중학교,middle_school,4,1,1,1,manual_review,low,normal
행정초등학교,elementary_school,3,1,1,1,manual_review,low,normal
천안여자상업고등학교,high_school,5,1,1,1,manual_review,low,normal
천안새샘중학교,middle_school,5,1,1,1,manual_review,low,normal
성환고등학교,high_school,9,1,1,1,manual_review,low,normal
충남예술고등학교,high_school,3,1,1,1,manual_review,low,normal
직산초등학교,elementary_school,3,1,1,1,manual_review,low,normal
입장중학교,middle_school,3,1,1,1,manual_review,low,normal
천안백석중학교,middle_school,5,1,1,1,manual_review,low,normal
전주덕진중학교,middle_school,2,1,1,1,manual_review,low,normal
군산자양중학교,middle_school,2,1,1,1,manual_review,low,normal
회현중학교,middle_school,3,1,1,1,manual_review,low,normal
군산대성중학교,middle_school,3,1,1,1,manual_review,low,normal
임피중학교,middle_school,2,1,1,1,manual_review,low,normal
한들고등학교,high_school,4,1,1,1,manual_review,low,normal
군산중앙고등학교,high_school,4,1,1,1,manual_review,low,normal
나포중학교,middle_school,2,1,1,1,manual_review,low,normal
선유도중학교,middle_school,2,1,1,1,manual_review,low,normal
군산제일고등학교,high_school,4,1,1,1,manual_review,low,normal
군산중앙여자고등학교,high_school,2,1,1,1,manual_review,low,normal
전북외국어고등학교,high_school,2,1,1,1,manual_review,low,normal
함열고등학교,high_school,5,1,1,1,manual_review,low,normal
오산남초등학교,elementary_school,3,1,1,1,manual_review,low,normal
성일고등학교,high_school,7,1,1,1,manual_review,low,normal
함라중학교,middle_school,2,1,1,1,manual_review,low,normal
웅포중학교,middle_school,2,1,1,1,manual_review,low,normal
성당중학교,middle_school,2,1,1,1,manual_review,low,normal
용안중학교,middle_school,4,1,1,1,manual_review,low,normal
용성초등학교,elementary_school,2,1,1,1,manual_review,low,normal
성북초등학교,elementary_school,2,1,1,1,manual_review,low,normal
여산고등학교,high_school,3,1,1,1,manual_review,low,normal
익산고등학교,high_school,5,1,1,1,manual_review,low,normal
왕궁중학교,middle_school,4,1,1,1,manual_review,low,normal
춘포초등학교,elementary_school,2,1,1,1,manual_review,low,normal
삼기중학교,middle_school,3,1,1,1,manual_review,low,normal
전북제일고등학교,high_school,2,1,1,1,manual_review,low,normal
남성고등학교,high_school,6,1,1,1,manual_review,low,normal
원광여자고등학교,high_school,4,1,1,1,manual_review,low,normal
익산부천중학교,middle_school,2,1,1,1,manual_review,low,normal
북면초등학교,elementary_school,2,1,1,1,manual_review,low,normal
입암중학교,middle_school,3,1,1,1,manual_review,low,normal
소성중학교,middle_school,2,1,1,1,manual_review,low,normal
고부중학교,middle_school,2,1,1,1,manual_review,low,normal
도학초등학교,elementary_school,2,1,1,1,manual_review,low,normal
이평중학교,middle_school,2,1,1,1,manual_review,low,normal
정우중학교,middle_school,3,1,1,1,manual_review,low,normal
태인고등학교,high_school,4,1,1,1,manual_review,low,normal
감곡중학교,middle_school,2,1,1,1,manual_review,low,normal
칠보고등학교,high_school,5,1,1,1,manual_review,low,normal
정산중학교,middle_school,2,1,1,1,manual_review,low,normal
산외중학교,middle_school,2,1,1,1,manual_review,low,normal
서영여자고등학교,high_school,3,1,1,1,manual_review,low,normal
호남고등학교,high_school,3,1,1,1,manual_review,low,normal
한국경마축산고등학교,high_school,3,1,1,1,manual_review,low,normal
주천중학교,middle_school,3,1,1,1,manual_review,low,normal
송동중학교,middle_school,2,1,1,1,manual_review,low,normal
금지중학교,middle_school,3,1,1,1,manual_review,low,normal
대강중학교,middle_school,2,1,1,1,manual_review,low,normal
용북중학교,middle_school,2,1,1,1,manual_review,low,normal
보절중학교,middle_school,2,1,1,1,manual_review,low,normal
이백초등학교,elementary_school,2,1,1,1,manual_review,low,normal
아영중학교,middle_school,2,1,1,1,manual_review,low,normal
성원고등학교,high_school,2,1,1,1,manual_review,low,normal
김제서고등학교,high_school,2,1,1,1,manual_review,low,normal
백산고등학교,high_school,5,1,1,1,manual_review,low,normal
용지중학교,middle_school,4,1,1,1,manual_review,low,normal
치문초등학교,elementary_school,4,1,1,1,manual_review,low,normal
황강초등학교,elementary_school,2,1,1,1,manual_review,low,normal
지평선고등학교,high_school,3,1,1,1,manual_review,low,normal
금구중학교,middle_school,3,1,1,1,manual_review,low,normal
봉남중학교,middle_school,3,1,1,1,manual_review,low,normal
황산초등학교,elementary_school,2,1,1,1,manual_review,low,normal
동국대학교사범대학부속금산고등학교,high_school,4,1,1,1,manual_review,low,normal
한들중학교,middle_school,2,1,1,1,manual_review,low,normal
김제농생명마이스터고등학교,high_school,3,1,1,1,manual_review,low,normal
용진중학교,middle_school,3,1,1,1,manual_review,low,normal
상관중학교,middle_school,3,1,1,1,manual_review,low,normal
삼우중학교,middle_school,3,1,1,1,manual_review,low,normal
전북체육고등학교,high_school,7,1,1,1,manual_review,low,normal
전주예술고등학교,high_school,7,1,1,1,manual_review,low,normal
고산고등학교,high_school,5,1,1,1,manual_review,low,normal
한국게임과학고등학교,high_school,3,1,1,1,manual_review,low,normal
세인고등학교,high_school,3,1,1,1,manual_review,low,normal
안천고등학교,high_school,3,1,1,1,manual_review,low,normal
동향중학교,middle_school,2,1,1,1,manual_review,low,normal
백운중학교,middle_school,2,1,1,1,manual_review,low,normal
성수중학교,middle_school,4,1,1,1,manual_review,low,normal
마령고등학교,high_school,3,1,1,1,manual_review,low,normal
부귀중학교,middle_school,3,1,1,1,manual_review,low,normal
설천고등학교,high_school,4,1,1,1,manual_review,low,normal
적상중학교,middle_school,3,1,1,1,manual_review,low,normal
푸른꿈고등학교,high_school,4,1,1,1,manual_review,low,normal
부남중학교,middle_school,3,1,1,1,manual_review,low,normal
번암중학교,middle_school,3,1,1,1,manual_review,low,normal
백화고등학교,high_school,5,1,1,1,manual_review,low,normal
천천중학교,middle_school,2,1,1,1,manual_review,low,normal
계남중학교,middle_school,2,1,1,1,manual_review,low,normal
계북중학교,middle_school,2,1,1,1,manual_review,low,normal
신평초등학교,elementary_school,2,1,1,1,manual_review,low,normal
전북펫고등학교,high_school,3,1,1,1,manual_review,low,normal
삼계중학교,middle_school,2,1,1,1,manual_review,low,normal
관촌중학교,middle_school,2,1,1,1,manual_review,low,normal
한국치즈과학고등학교,high_school,3,1,1,1,manual_review,low,normal
동계고등학교,high_school,3,1,1,1,manual_review,low,normal
쌍치중학교,middle_school,3,1,1,1,manual_review,low,normal
복흥중학교,middle_school,3,1,1,1,manual_review,low,normal
아산중학교,middle_school,3,1,1,1,manual_review,low,normal
전북인공지능고등학교,high_school,3,1,1,1,manual_review,low,normal
공음중학교,middle_school,2,1,1,1,manual_review,low,normal
해리고등학교,high_school,4,1,1,1,manual_review,low,normal
고창남중학교,middle_school,2,1,1,1,manual_review,low,normal
심원중학교,middle_school,2,1,1,1,manual_review,low,normal
고창북고등학교,high_school,3,1,1,1,manual_review,low,normal
신림중학교,middle_school,3,1,1,1,manual_review,low,normal
고창북중학교,middle_school,3,1,1,1,manual_review,low,normal
동진초등학교,elementary_school,2,1,1,1,manual_review,low,normal
전북베이커리고등학교,high_school,2,1,1,1,manual_review,low,normal
계화중학교,middle_school,2,1,1,1,manual_review,low,normal
보안중학교,middle_school,2,1,1,1,manual_review,low,normal
변산서중학교,middle_school,3,1,1,1,manual_review,low,normal
변산중학교,middle_school,2,1,1,1,manual_review,low,normal
하서중학교,middle_school,2,1,1,1,manual_review,low,normal
줄포자동차공업고등학교,high_school,3,1,1,1,manual_review,low,normal
위도고등학교,high_school,3,1,1,1,manual_review,low,normal
목포청호중학교,middle_school,3,1,1,1,manual_review,low,normal
목포여자고등학교,high_school,2,1,1,1,manual_review,low,normal
목포덕인고등학교,high_school,5,1,1,1,manual_review,low,normal
여수해양과학고등학교,high_school,7,1,1,1,manual_review,low,normal
여양고등학교,high_school,8,1,1,1,manual_review,low,normal
율촌중학교,middle_school,4,1,1,1,manual_review,low,normal
여수화양고등학교,high_school,6,1,1,1,manual_review,low,normal
장성남중학교,middle_school,6,1,1,1,manual_review,low,normal
여수개도중학교,middle_school,3,1,1,1,manual_review,low,normal
삼산초등학교,elementary_school,3,1,1,1,manual_review,low,normal
여수구봉중학교,middle_school,3,1,1,1,manual_review,low,normal
한영고등학교,high_school,2,1,1,1,manual_review,low,normal
여수정보과학고등학교,high_school,6,1,1,1,manual_review,low,normal
여수충무고등학교,high_school,4,1,1,1,manual_review,low,normal
순천승주중학교,middle_school,2,1,1,1,manual_review,low,normal
순천복성고등학교,high_school,13,1,1,1,manual_review,low,normal
순천미래과학고등학교,high_school,2,1,1,1,manual_review,low,normal
순천월전중학교,middle_school,2,1,1,1,manual_review,low,normal
한국바둑고등학교,high_school,5,1,1,1,manual_review,low,normal
순천승남중학교,middle_school,2,1,1,1,manual_review,low,normal
순천낙안중학교,middle_school,2,1,1,1,manual_review,low,normal
순천별량중학교,middle_school,3,1,1,1,manual_review,low,normal
순천매산여자고등학교,high_school,5,1,1,1,manual_review,low,normal
순천풍덕중학교,middle_school,4,1,1,1,manual_review,low,normal
세지중학교,middle_school,2,1,1,1,manual_review,low,normal
왕곡초등학교,elementary_school,2,1,1,1,manual_review,low,normal
나주반남중학교,middle_school,2,1,1,1,manual_review,low,normal
나주공산중학교,middle_school,2,1,1,1,manual_review,low,normal
나주다시중학교,middle_school,2,1,1,1,manual_review,low,normal
나주문평중학교,middle_school,2,1,1,1,manual_review,low,normal
노안중학교,middle_school,3,1,1,1,manual_review,low,normal
호남원예고등학교,high_school,3,1,1,1,manual_review,low,normal
남평중학교다도분교장,middle_school,2,1,1,1,manual_review,low,normal
나주봉황중학교,middle_school,2,1,1,1,manual_review,low,normal
매성고등학교,high_school,8,1,1,1,manual_review,low,normal
광양하이텍고등학교,high_school,13,1,1,1,manual_review,low,normal
광양고등학교,high_school,2,1,1,1,manual_review,low,normal
옥룡북초등학교,elementary_school,2,1,1,1,manual_review,low,normal
옥곡중학교,middle_school,2,1,1,1,manual_review,low,normal
한국항만물류고등학교,high_school,3,1,1,1,manual_review,low,normal
광양진월중학교,middle_school,2,1,1,1,manual_review,low,normal
광양다압중학교,middle_school,2,1,1,1,manual_review,low,normal
광영고등학교,high_school,4,1,1,1,manual_review,low,normal
광양제철고등학교,high_school,4,1,1,1,manual_review,low,normal
담양공업고등학교,high_school,7,1,1,1,manual_review,low,normal
담양고서중학교,middle_school,2,1,1,1,manual_review,low,normal
창평고등학교,high_school,3,1,1,1,manual_review,low,normal
담양금성중학교,middle_school,2,1,1,1,manual_review,low,normal
담양수북중학교,middle_school,2,1,1,1,manual_review,low,normal
전남조리과학고등학교,high_school,4,1,1,1,manual_review,low,normal
석곡중학교,middle_school,2,1,1,1,manual_review,low,normal
옥과고등학교,high_school,3,1,1,1,manual_review,low,normal
전남자연과학고등학교,high_school,6,1,1,1,manual_review,low,normal
구례동중학교,middle_school,3,1,1,1,manual_review,low,normal
마산초등학교용전분교장,elementary_school,3,1,1,1,manual_review,low,normal
구례북중학교,middle_school,2,1,1,1,manual_review,low,normal
구례산동중학교,middle_school,3,1,1,1,manual_review,low,normal
고흥산업과학고등학교,high_school,5,1,1,1,manual_review,low,normal
녹동고등학교,high_school,5,1,1,1,manual_review,low,normal
고흥풍양중학교,middle_school,3,1,1,1,manual_review,low,normal
고흥도덕중학교,middle_school,2,1,1,1,manual_review,low,normal
금산중학교,middle_school,2,1,1,1,manual_review,low,normal
고흥도화고등학교,high_school,3,1,1,1,manual_review,low,normal
포두중학교,middle_school,2,1,1,1,manual_review,low,normal
봉래중학교,middle_school,2,1,1,1,manual_review,low,normal
고흥점암중앙중학교,middle_school,2,1,1,1,manual_review,low,normal
고흥과역중학교,middle_school,2,1,1,1,manual_review,low,normal
고흥남양중학교,middle_school,3,1,1,1,manual_review,low,normal
고흥대서중학교,middle_school,2,1,1,1,manual_review,low,normal
고흥백양중학교,middle_school,2,1,1,1,manual_review,low,normal
다향고등학교,high_school,6,1,1,1,manual_review,low,normal
벌교여자고등학교,high_school,9,1,1,1,manual_review,low,normal
용정중학교,middle_school,2,1,1,1,manual_review,low,normal
보성복내중학교,middle_school,2,1,1,1,manual_review,low,normal
조성중학교,middle_school,3,1,1,1,manual_review,low,normal
보성회천중학교,middle_school,2,1,1,1,manual_review,low,normal
전남기술과학고등학교,high_school,8,1,1,1,manual_review,low,normal
화순이양고등학교,high_school,3,1,1,1,manual_review,low,normal
능주고등학교,high_school,3,1,1,1,manual_review,low,normal
화순도곡중학교,middle_school,3,1,1,1,manual_review,low,normal
도암중학교,middle_school,4,1,1,1,manual_review,low,normal
화순북면중학교,middle_school,2,1,1,1,manual_review,low,normal
화순동복중학교,middle_school,2,1,1,1,manual_review,low,normal
화순사평중학교,middle_school,2,1,1,1,manual_review,low,normal
화순동면중학교,middle_school,2,1,1,1,manual_review,low,normal
전남미래자동차고등학교,high_school,7,1,1,1,manual_review,low,normal
장흥관산고등학교,high_school,4,1,1,1,manual_review,low,normal
한국말산업고등학교,high_school,3,1,1,1,manual_review,low,normal
장흥용산중학교,middle_school,2,1,1,1,manual_review,low,normal
장흥안양중학교,middle_school,2,1,1,1,manual_review,low,normal
장흥장평중학교,middle_school,2,1,1,1,manual_review,low,normal
장흥유치중학교,middle_school,2,1,1,1,manual_review,low,normal
장흥회덕중학교,middle_school,3,1,1,1,manual_review,low,normal
전남생명과학고등학교,high_school,6,1,1,1,manual_review,low,normal
청람중학교,middle_school,3,1,1,1,manual_review,low,normal
강진칠량중학교,middle_school,2,1,1,1,manual_review,low,normal
강진대구중학교,middle_school,2,1,1,1,manual_review,low,normal
성전고등학교,high_school,3,1,1,1,manual_review,low,normal
강진작천중학교,middle_school,2,1,1,1,manual_review,low,normal
병영상업고등학교,high_school,3,1,1,1,manual_review,low,normal
해남공업고등학교,high_school,6,1,1,1,manual_review,low,normal
현산중학교,middle_school,3,1,1,1,manual_review,low,normal
송지고등학교,high_school,7,1,1,1,manual_review,low,normal
북평중학교,middle_school,2,1,1,1,manual_review,low,normal
두륜중학교,middle_school,3,1,1,1,manual_review,low,normal
황산중학교,middle_school,2,1,1,1,manual_review,low,normal
산이중학교,middle_school,3,1,1,1,manual_review,low,normal
우수영중학교,middle_school,2,1,1,1,manual_review,low,normal
화원고등학교,high_school,3,1,1,1,manual_review,low,normal
영암여자고등학교,high_school,5,1,1,1,manual_review,low,normal
삼호고등학교,high_school,8,1,1,1,manual_review,low,normal
영암금정중학교,middle_school,2,1,1,1,manual_review,low,normal
전남에너지고등학교,high_school,3,1,1,1,manual_review,low,normal
시종중학교,middle_school,2,1,1,1,manual_review,low,normal
영암도포중학교,middle_school,2,1,1,1,manual_review,low,normal
성지송학중학교,middle_school,5,1,1,1,manual_review,low,normal
영암서호중학교,middle_school,2,1,1,1,manual_review,low,normal
영암낭주고등학교,high_school,4,1,1,1,manual_review,low,normal
백제고등학교,high_school,4,1,1,1,manual_review,low,normal
전남체육고등학교,high_school,8,1,1,1,manual_review,low,normal
전남예술고등학교,high_school,9,1,1,1,manual_review,low,normal
무안몽탄중학교,middle_school,2,1,1,1,manual_review,low,normal
무안청계중학교,middle_school,4,1,1,1,manual_review,low,normal
무안현경중학교,middle_school,3,1,1,1,manual_review,low,normal
해제중학교,middle_school,3,1,1,1,manual_review,low,normal
망운중학교,middle_school,2,1,1,1,manual_review,low,normal
함평학다리고등학교,high_school,6,1,1,1,manual_review,low,normal
함평손불중학교,middle_school,3,1,1,1,manual_review,low,normal
함평신광중학교,middle_school,2,1,1,1,manual_review,low,normal
함평골프고등학교,high_school,2,1,1,1,manual_review,low,normal
나산실용예술중학교,middle_school,2,1,1,1,manual_review,low,normal
함평해보중학교,middle_school,2,1,1,1,manual_review,low,normal
전남보건고등학교,high_school,3,1,1,1,manual_review,low,normal
해룡고등학교,high_school,8,1,1,1,manual_review,low,normal
영산성지고등학교,high_school,4,1,1,1,manual_review,low,normal
영광홍농중학교,middle_school,3,1,1,1,manual_review,low,normal
영광대마중학교,middle_school,2,1,1,1,manual_review,low,normal
영광군남중학교,middle_school,2,1,1,1,manual_review,low,normal
영광전자고등학교,high_school,3,1,1,1,manual_review,low,normal
법성고등학교,high_school,3,1,1,1,manual_review,low,normal
장성고등학교,high_school,7,1,1,1,manual_review,low,normal
진원동초등학교,elementary_school,2,1,1,1,manual_review,low,normal
장성삼서중학교,middle_school,2,1,1,1,manual_review,low,normal
삼계부사관고등학교,high_school,3,1,1,1,manual_review,low,normal
장성황룡중학교,middle_school,2,1,1,1,manual_review,low,normal
장성백암중학교,middle_school,2,1,1,1,manual_review,low,normal
완도수산고등학교,high_school,8,1,1,1,manual_review,low,normal
완도금일고등학교,high_school,4,1,1,1,manual_review,low,normal
노화고등학교,high_school,8,1,1,1,manual_review,low,normal
군외중학교,middle_school,2,1,1,1,manual_review,low,normal
완도신지중학교,middle_school,3,1,1,1,manual_review,low,normal
고금고등학교,high_school,3,1,1,1,manual_review,low,normal
약산고등학교,high_school,3,1,1,1,manual_review,low,normal
청산중학교,middle_school,3,1,1,1,manual_review,low,normal
소안중학교,middle_school,2,1,1,1,manual_review,low,normal
금당중학교,middle_school,2,1,1,1,manual_review,low,normal
완도보길중학교,middle_school,3,1,1,1,manual_review,low,normal
금일중학교생일분교장,middle_school,2,1,1,1,manual_review,low,normal
진도고등학교,high_school,5,1,1,1,manual_review,low,normal
진도군내중학교,middle_school,3,1,1,1,manual_review,low,normal
고성중학교,middle_school,4,1,1,1,manual_review,low,normal
의신중학교,middle_school,4,1,1,1,manual_review,low,normal
진도국악고등학교,high_school,3,1,1,1,manual_review,low,normal
진도지산중학교,middle_school,2,1,1,1,manual_review,low,normal
조도고등학교,high_school,7,1,1,1,manual_review,low,normal
지명고등학교,high_school,3,1,1,1,manual_review,low,normal
신안해양과학고등학교,high_school,5,1,1,1,manual_review,low,normal
신안증도중학교,middle_school,3,1,1,1,manual_review,low,normal
임자고등학교,high_school,4,1,1,1,manual_review,low,normal
자은중학교,middle_school,2,1,1,1,manual_review,low,normal
비금중학교,middle_school,3,1,1,1,manual_review,low,normal
도초고등학교,high_school,2,1,1,1,manual_review,low,normal
가거도초등학교신안흑산중학교가거도분교장,middle_school,10,1,1,1,manual_review,low,normal
하의고등학교,high_school,3,1,1,1,manual_review,low,normal
신안신의중학교,middle_school,2,1,1,1,manual_review,low,normal
장산중학교,middle_school,2,1,1,1,manual_review,low,normal
안좌고등학교,high_school,3,1,1,1,manual_review,low,normal
암태중학교,middle_school,2,1,1,1,manual_review,low,normal
포항과학기술고등학교,high_school,3,1,1,1,manual_review,low,normal
영일고등학교,high_school,6,1,1,1,manual_review,low,normal
오천고등학교,high_school,10,1,1,1,manual_review,low,normal
대송중학교,middle_school,3,1,1,1,manual_review,low,normal
포항동성고등학교,high_school,3,1,1,1,manual_review,low,normal
장기중학교,middle_school,4,1,1,1,manual_review,low,normal
대보중학교,middle_school,2,1,1,1,manual_review,low,normal
포항예술고등학교,high_school,12,1,1,1,manual_review,low,normal
송라중학교,middle_school,2,1,1,1,manual_review,low,normal
경북세무고등학교,high_school,3,1,1,1,manual_review,low,normal
포항보건고등학교,high_school,4,1,1,1,manual_review,low,normal
기계중학교기북분교장,middle_school,2,1,1,1,manual_review,low,normal
포항항도중학교,middle_school,4,1,1,1,manual_review,low,normal
포항여자전자고등학교,high_school,8,1,1,1,manual_review,low,normal
두호고등학교,high_school,3,1,1,1,manual_review,low,normal
한국국제통상마이스터고등학교,high_school,3,1,1,1,manual_review,low,normal
안강전자고등학교,high_school,9,1,1,1,manual_review,low,normal
무산고등학교,high_school,5,1,1,1,manual_review,low,normal
효청보건고등학교,high_school,8,1,1,1,manual_review,low,normal
경주화랑고등학교,high_school,3,1,1,1,manual_review,low,normal
양남중학교,middle_school,3,1,1,1,manual_review,low,normal
삼성생활예술고등학교,high_school,2,1,1,1,manual_review,low,normal
산내중학교,middle_school,2,1,1,1,manual_review,low,normal
남양초등학교,elementary_school,3,1,1,1,manual_review,low,normal
경주디자인고등학교,high_school,5,1,1,1,manual_review,low,normal
양동초등학교,elementary_school,2,1,1,1,manual_review,low,normal
경주고등학교,high_school,2,1,1,1,manual_review,low,normal
경주여자고등학교,high_school,2,1,1,1,manual_review,low,normal
근화여자고등학교,high_school,4,1,1,1,manual_review,low,normal
계림고등학교,high_school,6,1,1,1,manual_review,low,normal
경북과학기술고등학교,high_school,3,1,1,1,manual_review,low,normal
개령중학교,middle_school,3,1,1,1,manual_review,low,normal
감문중학교,middle_school,2,1,1,1,manual_review,low,normal
어모중학교,middle_school,3,1,1,1,manual_review,low,normal
직지초등학교,elementary_school,2,1,1,1,manual_review,low,normal
감천중학교,middle_school,3,1,1,1,manual_review,low,normal
지품천중학교,middle_school,2,1,1,1,manual_review,low,normal
성의고등학교,high_school,4,1,1,1,manual_review,low,normal
율곡고등학교,high_school,6,1,1,1,manual_review,low,normal
북후중학교,middle_school,2,1,1,1,manual_review,low,normal
풍천중학교,middle_school,3,1,1,1,manual_review,low,normal
일직중학교,middle_school,2,1,1,1,manual_review,low,normal
길안중학교,middle_school,3,1,1,1,manual_review,low,normal
월곡초등학교삼계분교장,elementary_school,2,1,1,1,manual_review,low,normal
웅부중학교,middle_school,2,1,1,1,manual_review,low,normal
녹전초등학교원천분교장,elementary_school,2,1,1,1,manual_review,low,normal
길주중학교,middle_school,3,1,1,1,manual_review,low,normal
안동중앙고등학교,high_school,5,1,1,1,manual_review,low,normal
성창여자고등학교,high_school,2,1,1,1,manual_review,low,normal
한국생명과학고등학교,high_school,3,1,1,1,manual_review,low,normal
선산고등학교,high_school,3,1,1,1,manual_review,low,normal
현일고등학교,high_school,8,1,1,1,manual_review,low,normal
구미산동고등학교,high_school,7,1,1,1,manual_review,low,normal
무을중학교,middle_school,2,1,1,1,manual_review,low,normal
도개고등학교,high_school,3,1,1,1,manual_review,low,normal
경북생활과학고등학교,high_school,3,1,1,1,manual_review,low,normal
오상고등학교,high_school,3,1,1,1,manual_review,low,normal
송정여자중학교,middle_school,2,1,1,1,manual_review,low,normal
구미여자중학교,middle_school,3,1,1,1,manual_review,low,normal
구미제일고등학교,high_school,2,1,1,1,manual_review,low,normal
구미고등학교,high_school,8,1,1,1,manual_review,low,normal
금오고등학교,high_school,3,1,1,1,manual_review,low,normal
경북항공고등학교,high_school,5,1,1,1,manual_review,low,normal
소수중학교,middle_school,2,1,1,1,manual_review,low,normal
단산중학교,middle_school,2,1,1,1,manual_review,low,normal
부석중학교,middle_school,2,1,1,1,manual_review,low,normal
경북휴먼테크고등학교,high_school,6,1,1,1,manual_review,low,normal
청통중학교,middle_school,2,1,1,1,manual_review,low,normal
경북바이오마이스터고등학교,high_school,3,1,1,1,manual_review,low,normal
화북중학교,middle_school,5,1,1,1,manual_review,low,normal
영천전자고등학교,high_school,4,1,1,1,manual_review,low,normal
평천초등학교,elementary_school,2,1,1,1,manual_review,low,normal
별빛중학교,middle_school,3,1,1,1,manual_review,low,normal
영안중학교,middle_school,2,1,1,1,manual_review,low,normal
상지미래경영고등학교,high_school,6,1,1,1,manual_review,low,normal
낙운중학교,middle_school,4,1,1,1,manual_review,low,normal
청리중학교,middle_school,2,1,1,1,manual_review,low,normal
경북자연과학고등학교,high_school,3,1,1,1,manual_review,low,normal
내서중학교,middle_school,2,1,1,1,manual_review,low,normal
한국미래농업고등학교,high_school,4,1,1,1,manual_review,low,normal
모서중학교,middle_school,2,1,1,1,manual_review,low,normal
화령고등학교,high_school,3,1,1,1,manual_review,low,normal
은척중학교,middle_school,3,1,1,1,manual_review,low,normal
경북조리과학고등학교,high_school,5,1,1,1,manual_review,low,normal
가은고등학교,high_school,3,1,1,1,manual_review,low,normal
산북중학교,middle_school,3,1,1,1,manual_review,low,normal
동로중학교,middle_school,2,1,1,1,manual_review,low,normal
마성중학교,middle_school,2,1,1,1,manual_review,low,normal
농암초등학교청화분교장,elementary_school,2,1,1,1,manual_review,low,normal
하양여자고등학교,high_school,8,1,1,1,manual_review,low,normal
진량고등학교,high_school,8,1,1,1,manual_review,low,normal
압량중학교,middle_school,3,1,1,1,manual_review,low,normal
와촌초등학교,elementary_school,3,1,1,1,manual_review,low,normal
경산제일고등학교,high_school,4,1,1,1,manual_review,low,normal
용성중학교,middle_school,2,1,1,1,manual_review,low,normal
영남삼육고등학교,high_school,2,1,1,1,manual_review,low,normal
의성고등학교,high_school,8,1,1,1,manual_review,low,normal
옥산중학교,middle_school,2,1,1,1,manual_review,low,normal
경북소프트웨어마이스터고등학교,high_school,3,1,1,1,manual_review,low,normal
경북중부중학교,middle_school,2,1,1,1,manual_review,low,normal
안계고등학교,high_school,3,1,1,1,manual_review,low,normal
다인중학교,middle_school,2,1,1,1,manual_review,low,normal
청송고등학교,high_school,5,1,1,1,manual_review,low,normal
청송중학교부동분교장,middle_school,2,1,1,1,manual_review,low,normal
경북골프경영고등학교,high_school,3,1,1,1,manual_review,low,normal
현동중학교,middle_school,2,1,1,1,manual_review,low,normal
현서고등학교,high_school,3,1,1,1,manual_review,low,normal
진보고등학교,high_school,4,1,1,1,manual_review,low,normal
영양고등학교,high_school,6,1,1,1,manual_review,low,normal
수비고등학교,high_school,3,1,1,1,manual_review,low,normal
석보중학교,middle_school,2,1,1,1,manual_review,low,normal
영덕고등학교,high_school,5,1,1,1,manual_review,low,normal
강구정보고등학교,high_school,3,1,1,1,manual_review,low,normal
남정중학교,middle_school,2,1,1,1,manual_review,low,normal
지품중학교,middle_school,2,1,1,1,manual_review,low,normal
축산중학교,middle_school,2,1,1,1,manual_review,low,normal
영해고등학교,high_school,3,1,1,1,manual_review,low,normal
병곡중학교,middle_school,3,1,1,1,manual_review,low,normal
창수초등학교인천분교장,elementary_school,2,1,1,1,manual_review,low,normal
모계고등학교,high_school,5,1,1,1,manual_review,low,normal
청도고등학교,high_school,4,1,1,1,manual_review,low,normal
경북드론고등학교,high_school,3,1,1,1,manual_review,low,normal
이서고등학교,high_school,3,1,1,1,manual_review,low,normal
매전중학교,middle_school,2,1,1,1,manual_review,low,normal
한국조리명장고등학교,high_school,4,1,1,1,manual_review,low,normal
다산중학교,middle_school,2,1,1,1,manual_review,low,normal
고령중학교개진분교장,middle_school,2,1,1,1,manual_review,low,normal
우곡중학교,middle_school,2,1,1,1,manual_review,low,normal
쌍림중학교,middle_school,2,1,1,1,manual_review,low,normal
성주고등학교,high_school,6,1,1,1,manual_review,low,normal
명인고등학교,high_school,4,1,1,1,manual_review,low,normal
용암중학교,middle_school,3,1,1,1,manual_review,low,normal
수륜중학교,middle_school,2,1,1,1,manual_review,low,normal
성주중학교가천분교장,middle_school,2,1,1,1,manual_review,low,normal
벽진중학교,middle_school,2,1,1,1,manual_review,low,normal
초전중학교,middle_school,2,1,1,1,manual_review,low,normal
월항초등학교지방분교장,elementary_school,2,1,1,1,manual_review,low,normal
순심여자고등학교,high_school,11,1,1,1,manual_review,low,normal
북삼고등학교,high_school,6,1,1,1,manual_review,low,normal
석적고등학교,high_school,6,1,1,1,manual_review,low,normal
경북기계명장고등학교,high_school,4,1,1,1,manual_review,low,normal
동명고등학교,high_school,4,1,1,1,manual_review,low,normal
학림초등학교,elementary_school,3,1,1,1,manual_review,low,normal
약목고등학교,high_school,4,1,1,1,manual_review,low,normal
대창고등학교,high_school,8,1,1,1,manual_review,low,normal
경북일고등학교,high_school,2,1,1,1,manual_review,low,normal
용문중학교,middle_school,2,1,1,1,manual_review,low,normal
용궁중학교,middle_school,2,1,1,1,manual_review,low,normal
지보중학교,middle_school,2,1,1,1,manual_review,low,normal
풍양중학교,middle_school,2,1,1,1,manual_review,low,normal
은풍중학교,middle_school,2,1,1,1,manual_review,low,normal
봉화고등학교,high_school,6,1,1,1,manual_review,low,normal
물야중학교,middle_school,2,1,1,1,manual_review,low,normal
봉성초등학교,elementary_school,2,1,1,1,manual_review,low,normal
한국산림과학고등학교,high_school,5,1,1,1,manual_review,low,normal
소천중학교,middle_school,3,1,1,1,manual_review,low,normal
석포중학교,middle_school,2,1,1,1,manual_review,low,normal
울진고등학교,high_school,4,1,1,1,manual_review,low,normal
한국원자력마이스터고등학교,high_school,4,1,1,1,manual_review,low,normal
천부초등학교,elementary_school,4,1,1,1,manual_review,low,normal
온정중학교,middle_school,2,1,1,1,manual_review,low,normal
죽변고등학교,high_school,3,1,1,1,manual_review,low,normal
후포고등학교,high_school,4,1,1,1,manual_review,low,normal
삼근초등학교옥방분교장,elementary_school,2,1,1,1,manual_review,low,normal
매화중학교,middle_school,2,1,1,1,manual_review,low,normal
울릉고등학교,high_school,4,1,1,1,manual_review,low,normal
창원북면고등학교,high_school,9,1,1,1,manual_review,low,normal
창원동중학교,middle_school,6,1,1,1,manual_review,low,normal
경남로봇고등학교,high_school,9,1,1,1,manual_review,low,normal
창원명곡고등학교,high_school,2,1,1,1,manual_review,low,normal
창원경일고등학교,high_school,6,1,1,1,manual_review,low,normal
창원중앙여자고등학교,high_school,6,1,1,1,manual_review,low,normal
창원사파고등학교,high_school,4,1,1,1,manual_review,low,normal
구산중학교구남분교장,middle_school,4,1,1,1,manual_review,low,normal
마산삼진고등학교,high_school,5,1,1,1,manual_review,low,normal
진전중학교,middle_school,2,1,1,1,manual_review,low,normal
구산중학교,middle_school,2,1,1,1,manual_review,low,normal
마산가포고등학교,high_school,2,1,1,1,manual_review,low,normal
마산서중학교,middle_school,4,1,1,1,manual_review,low,normal
마산제일여자고등학교,high_school,2,1,1,1,manual_review,low,normal
성지여자고등학교,high_school,6,1,1,1,manual_review,low,normal
마산중학교,middle_school,2,1,1,1,manual_review,low,normal
마산용마고등학교,high_school,5,1,1,1,manual_review,low,normal
마산제일고등학교,high_school,14,1,1,1,manual_review,low,normal
석전초등학교,elementary_school,2,1,1,1,manual_review,low,normal
창신고등학교,high_school,3,1,1,1,manual_review,low,normal
진해여자고등학교,high_school,5,1,1,1,manual_review,low,normal
진해중앙고등학교,high_school,3,1,1,1,manual_review,low,normal
진해세화여자고등학교,high_school,5,1,1,1,manual_review,low,normal
진해냉천중학교,middle_school,6,1,1,1,manual_review,low,normal
예하초등학교,elementary_school,2,1,1,1,manual_review,low,normal
금곡중학교,middle_school,2,1,1,1,manual_review,low,normal
경남체육고등학교,high_school,3,1,1,1,manual_review,low,normal
진주외국어고등학교,high_school,2,1,1,1,manual_review,low,normal
반성중학교,middle_school,2,1,1,1,manual_review,low,normal
지수중학교,middle_school,2,1,1,1,manual_review,low,normal
대곡고등학교,high_school,3,1,1,1,manual_review,low,normal
진주동중학교,middle_school,3,1,1,1,manual_review,low,normal
명석중학교,middle_school,2,1,1,1,manual_review,low,normal
진서고등학교,high_school,3,1,1,1,manual_review,low,normal
경진고등학교,high_school,6,1,1,1,manual_review,low,normal
진주제일여자고등학교,high_school,6,1,1,1,manual_review,low,normal
삼현여자고등학교,high_school,4,1,1,1,manual_review,low,normal
경해여자고등학교,high_school,7,1,1,1,manual_review,low,normal
신안초등학교,elementary_school,3,1,1,1,manual_review,low,normal
대아고등학교,high_school,4,1,1,1,manual_review,low,normal
진양고등학교,high_school,6,1,1,1,manual_review,low,normal
충렬여자고등학교,high_school,4,1,1,1,manual_review,low,normal
도산중학교,middle_school,2,1,1,1,manual_review,low,normal
동원고등학교,high_school,6,1,1,1,manual_review,low,normal
욕지중학교,middle_school,3,1,1,1,manual_review,low,normal
한산중학교,middle_school,2,1,1,1,manual_review,low,normal
사량중학교,middle_school,2,1,1,1,manual_review,low,normal
충무고등학교,high_school,2,1,1,1,manual_review,low,normal
통영중앙중학교,middle_school,2,1,1,1,manual_review,low,normal
사천여자고등학교,high_school,5,1,1,1,manual_review,low,normal
경남자영고등학교,high_school,4,1,1,1,manual_review,low,normal
사남초등학교,elementary_school,2,1,1,1,manual_review,low,normal
곤양고등학교,high_school,3,1,1,1,manual_review,low,normal
곤명중학교,middle_school,2,1,1,1,manual_review,low,normal
서포중학교,middle_school,2,1,1,1,manual_review,low,normal
진영고등학교,high_school,11,1,1,1,manual_review,low,normal
김해서중학교,middle_school,2,1,1,1,manual_review,low,normal
진례중학교,middle_school,3,1,1,1,manual_review,low,normal
한림중학교,middle_school,4,1,1,1,manual_review,low,normal
생림중학교,middle_school,3,1,1,1,manual_review,low,normal
상동초등학교,elementary_school,3,1,1,1,manual_review,low,normal
김해대동중학교,middle_school,4,1,1,1,manual_review,low,normal
김해중앙여자고등학교,high_school,3,1,1,1,manual_review,low,normal
삼랑진고등학교,high_school,5,1,1,1,manual_review,low,normal
밀양동명고등학교,high_school,3,1,1,1,manual_review,low,normal
사포초등학교,elementary_school,2,1,1,1,manual_review,low,normal
밀양동강중학교,middle_school,3,1,1,1,manual_review,low,normal
동국대학교사범대학부속홍제중학교,middle_school,3,1,1,1,manual_review,low,normal
예림초등학교,elementary_school,2,1,1,1,manual_review,low,normal
한국나노마이스터고등학교,high_school,3,1,1,1,manual_review,low,normal
미리벌중학교,middle_school,2,1,1,1,manual_review,low,normal
밀성제일고등학교,high_school,6,1,1,1,manual_review,low,normal
밀양중학교,middle_school,4,1,1,1,manual_review,low,normal
지세포중학교,middle_school,2,1,1,1,manual_review,low,normal
동부중학교,middle_school,3,1,1,1,manual_review,low,normal
거제제일고등학교,high_school,5,1,1,1,manual_review,low,normal
둔덕중학교,middle_school,2,1,1,1,manual_review,low,normal
성포중학교,middle_school,5,1,1,1,manual_review,low,normal
연초고등학교,high_school,6,1,1,1,manual_review,low,normal
경남산업고등학교,high_school,4,1,1,1,manual_review,low,normal
외포중학교,middle_school,4,1,1,1,manual_review,low,normal
해성고등학교,high_school,4,1,1,1,manual_review,low,normal
거제고등학교,high_school,6,1,1,1,manual_review,low,normal
거제장평중학교,middle_school,3,1,1,1,manual_review,low,normal
거제중앙고등학교,high_school,10,1,1,1,manual_review,low,normal
범어고등학교,high_school,19,1,1,1,manual_review,low,normal
양산인공지능고등학교,high_school,11,1,1,1,manual_review,low,normal
원동중학교,middle_school,4,1,1,1,manual_review,low,normal
양주중학교,middle_school,4,1,1,1,manual_review,low,normal
보광고등학교,high_school,4,1,1,1,manual_review,low,normal
웅상고등학교,high_school,6,1,1,1,manual_review,low,normal
회야초등학교,elementary_school,2,1,1,1,manual_review,low,normal
의령고등학교,high_school,4,1,1,1,manual_review,low,normal
의령여자고등학교,high_school,3,1,1,1,manual_review,low,normal
정곡중학교,middle_school,2,1,1,1,manual_review,low,normal
지정중학교,middle_school,2,1,1,1,manual_review,low,normal
신반정보고등학교,high_school,3,1,1,1,manual_review,low,normal
명덕고등학교,high_school,7,1,1,1,manual_review,low,normal
호암중학교,middle_school,5,1,1,1,manual_review,low,normal
함성중학교,middle_school,2,1,1,1,manual_review,low,normal
군북고등학교,high_school,4,1,1,1,manual_review,low,normal
칠원고등학교,high_school,5,1,1,1,manual_review,low,normal
산인초등학교,elementary_school,2,1,1,1,manual_review,low,normal
창녕여자고등학교,high_school,7,1,1,1,manual_review,low,normal
남지고등학교,high_school,5,1,1,1,manual_review,low,normal
한국과학기술고등학교,high_school,2,1,1,1,manual_review,low,normal
창녕대성고등학교,high_school,3,1,1,1,manual_review,low,normal
창녕옥야고등학교,high_school,4,1,1,1,manual_review,low,normal
창녕고등학교,high_school,2,1,1,1,manual_review,low,normal
부곡중학교,middle_school,3,1,1,1,manual_review,low,normal
철성고등학교,high_school,10,1,1,1,manual_review,low,normal
소가야중학교,middle_school,2,1,1,1,manual_review,low,normal
동해중학교,middle_school,2,1,1,1,manual_review,low,normal
고성동중학교,middle_school,4,1,1,1,manual_review,low,normal
남해제일고등학교,high_school,5,1,1,1,manual_review,low,normal
남해고등학교,high_school,3,1,1,1,manual_review,low,normal
상주중학교,middle_school,2,1,1,1,manual_review,low,normal
경남해양과학고등학교,high_school,4,1,1,1,manual_review,low,normal
미조중학교,middle_school,2,1,1,1,manual_review,low,normal
남해해성고등학교,high_school,3,1,1,1,manual_review,low,normal
남해정보산업고등학교,high_school,3,1,1,1,manual_review,low,normal
설천중학교,middle_school,2,1,1,1,manual_review,low,normal
창선고등학교,high_school,3,1,1,1,manual_review,low,normal
하동여자고등학교,high_school,5,1,1,1,manual_review,low,normal
화개중학교,middle_school,4,1,1,1,manual_review,low,normal
악양중학교,middle_school,2,1,1,1,manual_review,low,normal
금남고등학교,high_school,4,1,1,1,manual_review,low,normal
진교고등학교,high_school,3,1,1,1,manual_review,low,normal
청암중학교,middle_school,3,1,1,1,manual_review,low,normal
옥종고등학교,high_school,3,1,1,1,manual_review,low,normal
궁항초등학교,elementary_school,2,1,1,1,manual_review,low,normal
산청고등학교,high_school,3,1,1,1,manual_review,low,normal
지리산고등학교,high_school,4,1,1,1,manual_review,low,normal
간디고등학교,high_school,3,1,1,1,manual_review,low,normal
경남간호고등학교,high_school,2,1,1,1,manual_review,low,normal
신등고등학교,high_school,3,1,1,1,manual_review,low,normal
함양제일고등학교,high_school,7,1,1,1,manual_review,low,normal
마천중학교,middle_school,2,1,1,1,manual_review,low,normal
수동중학교,middle_school,2,1,1,1,manual_review,low,normal
안의고등학교,high_school,3,1,1,1,manual_review,low,normal
서상고등학교,high_school,3,1,1,1,manual_review,low,normal
거창대성고등학교,high_school,17,1,1,1,manual_review,low,normal
웅양중학교,middle_school,2,1,1,1,manual_review,low,normal
거창중학교고제분교장,middle_school,2,1,1,1,manual_review,low,normal
거창덕유중학교,middle_school,2,1,1,1,manual_review,low,normal
거창승강기고등학교,high_school,3,1,1,1,manual_review,low,normal
합천여자고등학교,high_school,6,1,1,1,manual_review,low,normal
묘산중학교,middle_school,2,1,1,1,manual_review,low,normal
해인중학교,middle_school,2,1,1,1,manual_review,low,normal
야로고등학교,high_school,3,1,1,1,manual_review,low,normal
초계고등학교,high_school,3,1,1,1,manual_review,low,normal
합천평화고등학교,high_school,2,1,1,1,manual_review,low,normal
삼가고등학교,high_school,3,1,1,1,manual_review,low,normal
가회중학교,middle_school,2,1,1,1,manual_review,low,normal
대병중학교,middle_school,2,1,1,1,manual_review,low,normal
한림공업고등학교,high_school,10,1,1,1,manual_review,low,normal
애월고등학교,high_school,16,1,1,1,manual_review,low,normal
세화고등학교,high_school,12,1,1,1,manual_review,low,normal
함덕고등학교,high_school,11,1,1,1,manual_review,low,normal
한국뷰티고등학교,high_school,7,1,1,1,manual_review,low,normal
추자중학교,middle_school,3,1,1,1,manual_review,low,normal
우도중학교,middle_school,2,1,1,1,manual_review,low,normal
제주여자상업고등학교,high_school,2,1,1,1,manual_review,low,normal
대기고등학교,high_school,2,1,1,1,manual_review,low,normal
남녕고등학교,high_school,5,1,1,1,manual_review,low,normal
제주고등학교,high_school,8,1,1,1,manual_review,low,normal
대정여자고등학교,high_school,10,1,1,1,manual_review,low,normal
위미중학교,middle_school,9,1,1,1,manual_review,low,normal
표선고등학교,high_school,7,1,1,1,manual_review,low,normal
남주고등학교,high_school,5,1,1,1,manual_review,low,normal
서귀포여자중학교,middle_school,3,1,1,1,manual_review,low,normal
중문중학교,middle_school,2,1,1,1,manual_review,low,normal
